id,name,latitude,longitude,bounds,geometry,surface
beach_id_9050382757,Besta Beach,45.875947,10.7675827,,,grass
beach_id_10914200606,Spiaggia del Lago di Sp√®ccheri,45.7658656,11.148377,,,
beach_id_11480688993,Unnamed,45.8827222,10.7483888,,,concrete
beach_id_11480688994,Unnamed,45.8705625,10.7463399,,,grass
beach_id_11480688995,Unnamed,45.8850344,10.7343277,,,unpaved
beach_id_104720379,Unnamed,,,"{'minlat': 46.0359188, 'minlon': 11.2433682, 'maxlat': 46.0370064, 'maxlon': 11.2439518}","[{'lat': 46.0359188, 'lon': 11.2439114}, {'lat': 46.0360658, 'lon': 11.2439518}, {'lat': 46.0362601, 'lon': 11.2438564}, {'lat': 46.0364608, 'lon': 11.2437211}, {'lat': 46.036591, 'lon': 11.2436565}, {'lat': 46.0368302, 'lon': 11.2434997}, {'lat': 46.0368985, 'lon': 11.2434535}, {'lat': 46.036954, 'lon': 11.2434505}, {'lat': 46.0370064, 'lon': 11.243393}, {'lat': 46.03694, 'lon': 11.2433682}, {'lat': 46.0368744, 'lon': 11.2433867}, {'lat': 46.0368413, 'lon': 11.243396}, {'lat': 46.0366587, 'lon': 11.2435079}, {'lat': 46.0364221, 'lon': 11.243657}, {'lat': 46.0361957, 'lon': 11.2437949}, {'lat': 46.0359188, 'lon': 11.2439114}]",
beach_id_104720386,Unnamed,,,"{'minlat': 46.0038925, 'minlon': 11.2576198, 'maxlat': 46.004486, 'maxlon': 11.25872}","[{'lat': 46.004486, 'lon': 11.2586612}, {'lat': 46.0044135, 'lon': 11.25872}, {'lat': 46.0043576, 'lon': 11.2586515}, {'lat': 46.0042141, 'lon': 11.2584531}, {'lat': 46.0040325, 'lon': 11.2581389}, {'lat': 46.0039115, 'lon': 11.2578384}, {'lat': 46.0038925, 'lon': 11.257791}, {'lat': 46.0039997, 'lon': 11.257695}, {'lat': 46.0040528, 'lon': 11.2576198}, {'lat': 46.0043143, 'lon': 11.258312}, {'lat': 46.0044699, 'lon': 11.2586194}, {'lat': 46.004486, 'lon': 11.2586612}]",
beach_id_104720393,Unnamed,,,"{'minlat': 46.0053355, 'minlon': 11.2615012, 'maxlat': 46.005763, 'maxlon': 11.2621236}","[{'lat': 46.005763, 'lon': 11.2620759}, {'lat': 46.0055688, 'lon': 11.2617646}, {'lat': 46.0054851, 'lon': 11.2615041}, {'lat': 46.0054731, 'lon': 11.2615012}, {'lat': 46.0053355, 'lon': 11.2616222}, {'lat': 46.0053653, 'lon': 11.2617558}, {'lat': 46.005426, 'lon': 11.2619393}, {'lat': 46.0055262, 'lon': 11.2620774}, {'lat': 46.0056967, 'lon': 11.2620876}, {'lat': 46.0057345, 'lon': 11.2621236}, {'lat': 46.005763, 'lon': 11.2620759}]",
beach_id_104720396,Unnamed,,,"{'minlat': 46.0019291, 'minlon': 11.2517589, 'maxlat': 46.0035423, 'maxlon': 11.2550814}","[{'lat': 46.0035423, 'lon': 11.2550092}, {'lat': 46.0034239, 'lon': 11.2550814}, {'lat': 46.0034417, 'lon': 11.2549185}, {'lat': 46.0033484, 'lon': 11.2547323}, {'lat': 46.0030051, 'lon': 11.2546047}, {'lat': 46.0025642, 'lon': 11.2540332}, {'lat': 46.0025299, 'lon': 11.2539292}, {'lat': 46.0025833, 'lon': 11.2538875}, {'lat': 46.0023831, 'lon': 11.2532864}, {'lat': 46.0023547, 'lon': 11.2532027}, {'lat': 46.0019291, 'lon': 11.2517769}, {'lat': 46.0020203, 'lon': 11.2517589}, {'lat': 46.0023728, 'lon': 11.2530228}, {'lat': 46.0025491, 'lon': 11.2535125}, {'lat': 46.0027577, 'lon': 11.253915}, {'lat': 46.0027744, 'lon': 11.2539614}, {'lat': 46.0032096, 'lon': 11.2542281}, {'lat': 46.0034716, 'lon': 11.2546296}, {'lat': 46.0035423, 'lon': 11.2550092}]",
beach_id_104720397,Unnamed,,,"{'minlat': 46.0060702, 'minlon': 11.2635954, 'maxlat': 46.0069534, 'maxlon': 11.266025}","[{'lat': 46.0069534, 'lon': 11.2659496}, {'lat': 46.0068482, 'lon': 11.266025}, {'lat': 46.0064805, 'lon': 11.2654045}, {'lat': 46.0063482, 'lon': 11.2649407}, {'lat': 46.006344, 'lon': 11.2646436}, {'lat': 46.0061391, 'lon': 11.2643619}, {'lat': 46.0060702, 'lon': 11.2639665}, {'lat': 46.0061082, 'lon': 11.2636316}, {'lat': 46.006157, 'lon': 11.2635954}, {'lat': 46.0062337, 'lon': 11.2636913}, {'lat': 46.0062136, 'lon': 11.2637967}, {'lat': 46.006201, 'lon': 11.263863}, {'lat': 46.0062314, 'lon': 11.2641125}, {'lat': 46.0062801, 'lon': 11.2642825}, {'lat': 46.006338, 'lon': 11.2644363}, {'lat': 46.0064503, 'lon': 11.2646014}, {'lat': 46.0064074, 'lon': 11.2646628}, {'lat': 46.0064074, 'lon': 11.2647343}, {'lat': 46.0064441, 'lon': 11.2649121}, {'lat': 46.0064873, 'lon': 11.2650105}, {'lat': 46.0065343, 'lon': 11.2652287}, {'lat': 46.0068046, 'lon': 11.2657419}, {'lat': 46.006848, 'lon': 11.2658343}, {'lat': 46.0069534, 'lon': 11.2659496}]",
beach_id_104720405,Unnamed,,,"{'minlat': 46.0016456, 'minlon': 11.248079, 'maxlat': 46.0024411, 'maxlon': 11.2517783}","[{'lat': 46.0017711, 'lon': 11.249842}, {'lat': 46.0017438, 'lon': 11.2499169}, {'lat': 46.0017492, 'lon': 11.2502682}, {'lat': 46.0018275, 'lon': 11.25092}, {'lat': 46.0018666, 'lon': 11.2511212}, {'lat': 46.0020184, 'lon': 11.2517555}, {'lat': 46.0019281, 'lon': 11.2517783}, {'lat': 46.0017185, 'lon': 11.2507577}, {'lat': 46.0016456, 'lon': 11.2501438}, {'lat': 46.001698, 'lon': 11.2495145}, {'lat': 46.0017753, 'lon': 11.2491295}, {'lat': 46.0019626, 'lon': 11.2486016}, {'lat': 46.0019693, 'lon': 11.2485493}, {'lat': 46.0020224, 'lon': 11.2484136}, {'lat': 46.002142, 'lon': 11.2483299}, {'lat': 46.0022155, 'lon': 11.2482192}, {'lat': 46.0023215, 'lon': 11.2481208}, {'lat': 46.0024309, 'lon': 11.248079}, {'lat': 46.0024411, 'lon': 11.2481528}, {'lat': 46.002337, 'lon': 11.2481734}, {'lat': 46.002084, 'lon': 11.2485573}, {'lat': 46.0018889, 'lon': 11.2491023}, {'lat': 46.0017711, 'lon': 11.249842}]",
beach_id_104721618,Unnamed,,,"{'minlat': 46.0106712, 'minlon': 11.2859053, 'maxlat': 46.010992, 'maxlon': 11.2861609}","[{'lat': 46.0107134, 'lon': 11.2859053}, {'lat': 46.0106712, 'lon': 11.2860078}, {'lat': 46.0108038, 'lon': 11.2860834}, {'lat': 46.0108537, 'lon': 11.2861042}, {'lat': 46.0109522, 'lon': 11.2861609}, {'lat': 46.010992, 'lon': 11.2860928}, {'lat': 46.0107134, 'lon': 11.2859053}]",
beach_id_104721623,Unnamed,,,"{'minlat': 46.014894, 'minlon': 11.2853852, 'maxlat': 46.0151468, 'maxlon': 11.2858307}","[{'lat': 46.014894, 'lon': 11.2858243}, {'lat': 46.0149525, 'lon': 11.2858307}, {'lat': 46.0151468, 'lon': 11.2854466}, {'lat': 46.0151214, 'lon': 11.2853852}, {'lat': 46.014894, 'lon': 11.2858243}]",
beach_id_118602388,Unnamed,,,"{'minlat': 46.1388312, 'minlon': 10.9643412, 'maxlat': 46.140612, 'maxlon': 10.968419}","[{'lat': 46.1394224, 'lon': 10.9643412}, {'lat': 46.1394003, 'lon': 10.9644763}, {'lat': 46.1393164, 'lon': 10.9648333}, {'lat': 46.1393659, 'lon': 10.9649328}, {'lat': 46.1392235, 'lon': 10.9651838}, {'lat': 46.1389761, 'lon': 10.9659345}, {'lat': 46.1389506, 'lon': 10.9666766}, {'lat': 46.1390256, 'lon': 10.9670941}, {'lat': 46.1391365, 'lon': 10.9673581}, {'lat': 46.1392264, 'lon': 10.9675658}, {'lat': 46.1395038, 'lon': 10.9681867}, {'lat': 46.1396279, 'lon': 10.9683033}, {'lat': 46.1397551, 'lon': 10.9682934}, {'lat': 46.1399483, 'lon': 10.9682784}, {'lat': 46.1401239, 'lon': 10.9682313}, {'lat': 46.1402275, 'lon': 10.9681898}, {'lat': 46.140288, 'lon': 10.9681399}, {'lat': 46.1404223, 'lon': 10.9680527}, {'lat': 46.140612, 'lon': 10.9679859}, {'lat': 46.1402833, 'lon': 10.9682148}, {'lat': 46.1401984, 'lon': 10.9682877}, {'lat': 46.1400042, 'lon': 10.9683198}, {'lat': 46.1398313, 'lon': 10.9683627}, {'lat': 46.1396882, 'lon': 10.968419}, {'lat': 46.1395712, 'lon': 10.9684136}, {'lat': 46.1394485, 'lon': 10.9682929}, {'lat': 46.1392106, 'lon': 10.9677511}, {'lat': 46.1389876, 'lon': 10.9672737}, {'lat': 46.1389727, 'lon': 10.9672844}, {'lat': 46.1389301, 'lon': 10.9672001}, {'lat': 46.1388909, 'lon': 10.9669653}, {'lat': 46.1388593, 'lon': 10.9669518}, {'lat': 46.1388702, 'lon': 10.9666535}, {'lat': 46.1388312, 'lon': 10.9665924}, {'lat': 46.1388781, 'lon': 10.9660998}, {'lat': 46.1389781, 'lon': 10.9656268}, {'lat': 46.1391327, 'lon': 10.9651046}, {'lat': 46.1393401, 'lon': 10.9645697}, {'lat': 46.1394224, 'lon': 10.9643412}]",
beach_id_118602479,Unnamed,,,"{'minlat': 46.1359462, 'minlon': 10.957722, 'maxlat': 46.1388916, 'maxlon': 10.9640107}","[{'lat': 46.1359796, 'lon': 10.957722}, {'lat': 46.1360594, 'lon': 10.957915}, {'lat': 46.1364711, 'lon': 10.9587191}, {'lat': 46.1368218, 'lon': 10.959529}, {'lat': 46.1369329, 'lon': 10.9598757}, {'lat': 46.1369369, 'lon': 10.9598965}, {'lat': 46.1369719, 'lon': 10.9600773}, {'lat': 46.1369906, 'lon': 10.9603076}, {'lat': 46.1370692, 'lon': 10.9604294}, {'lat': 46.137163, 'lon': 10.960443}, {'lat': 46.1372663, 'lon': 10.9603854}, {'lat': 46.1373496, 'lon': 10.9603787}, {'lat': 46.1375114, 'lon': 10.9605801}, {'lat': 46.1375212, 'lon': 10.9607985}, {'lat': 46.1374673, 'lon': 10.961072}, {'lat': 46.1374579, 'lon': 10.9613753}, {'lat': 46.1375123, 'lon': 10.9615135}, {'lat': 46.1377206, 'lon': 10.9615812}, {'lat': 46.1380622, 'lon': 10.9617735}, {'lat': 46.1381983, 'lon': 10.9619658}, {'lat': 46.1382461, 'lon': 10.9620592}, {'lat': 46.1383081, 'lon': 10.9623585}, {'lat': 46.13831, 'lon': 10.9627987}, {'lat': 46.1382227, 'lon': 10.962968}, {'lat': 46.1382471, 'lon': 10.9632023}, {'lat': 46.1382837, 'lon': 10.9634298}, {'lat': 46.1383766, 'lon': 10.9636966}, {'lat': 46.1385305, 'lon': 10.9637034}, {'lat': 46.1386431, 'lon': 10.9635693}, {'lat': 46.1387229, 'lon': 10.9634095}, {'lat': 46.1388008, 'lon': 10.9636424}, {'lat': 46.1388916, 'lon': 10.9637196}, {'lat': 46.1387666, 'lon': 10.9638392}, {'lat': 46.1385501, 'lon': 10.9639756}, {'lat': 46.138417, 'lon': 10.9640107}, {'lat': 46.1382879, 'lon': 10.9638959}, {'lat': 46.1381774, 'lon': 10.9637212}, {'lat': 46.13809, 'lon': 10.9634702}, {'lat': 46.1380624, 'lon': 10.9631468}, {'lat': 46.1381179, 'lon': 10.9625309}, {'lat': 46.1381039, 'lon': 10.9622687}, {'lat': 46.1380267, 'lon': 10.9621319}, {'lat': 46.1378965, 'lon': 10.96201}, {'lat': 46.1374877, 'lon': 10.9617636}, {'lat': 46.1373205, 'lon': 10.9615686}, {'lat': 46.1372665, 'lon': 10.9613997}, {'lat': 46.1372517, 'lon': 10.9610724}, {'lat': 46.1372944, 'lon': 10.960764}, {'lat': 46.1370658, 'lon': 10.9607238}, {'lat': 46.1369515, 'lon': 10.9606807}, {'lat': 46.1368097, 'lon': 10.9603638}, {'lat': 46.1367558, 'lon': 10.9599868}, {'lat': 46.1365276, 'lon': 10.9592664}, {'lat': 46.1362914, 'lon': 10.958675}, {'lat': 46.1359929, 'lon': 10.9581088}, {'lat': 46.1359462, 'lon': 10.9579394}, {'lat': 46.1359796, 'lon': 10.957722}]",
beach_id_208136126,Unnamed,,,"{'minlat': 46.0244265, 'minlon': 11.2304483, 'maxlat': 46.0253932, 'maxlon': 11.2310273}","[{'lat': 46.0244841, 'lon': 11.2305125}, {'lat': 46.0247989, 'lon': 11.2307666}, {'lat': 46.0252366, 'lon': 11.2310273}, {'lat': 46.0253932, 'lon': 11.2308668}, {'lat': 46.0253501, 'lon': 11.230796}, {'lat': 46.0251362, 'lon': 11.230586}, {'lat': 46.0250374, 'lon': 11.230523}, {'lat': 46.0249045, 'lon': 11.230488}, {'lat': 46.0244913, 'lon': 11.2304483}, {'lat': 46.0244265, 'lon': 11.2304716}, {'lat': 46.0244841, 'lon': 11.2305125}]",
beach_id_209876129,Unnamed,,,"{'minlat': 45.9992051, 'minlon': 10.9529335, 'maxlat': 45.9998202, 'maxlon': 10.9532728}","[{'lat': 45.9996328, 'lon': 10.9529846}, {'lat': 45.9998202, 'lon': 10.9530563}, {'lat': 45.9997603, 'lon': 10.9532728}, {'lat': 45.9996638, 'lon': 10.9532336}, {'lat': 45.9995902, 'lon': 10.9532231}, {'lat': 45.9995084, 'lon': 10.953196}, {'lat': 45.9994445, 'lon': 10.9531864}, {'lat': 45.9993332, 'lon': 10.9531531}, {'lat': 45.9992614, 'lon': 10.9531443}, {'lat': 45.9992051, 'lon': 10.953144}, {'lat': 45.9992114, 'lon': 10.9529658}, {'lat': 45.9993154, 'lon': 10.9529335}, {'lat': 45.9994626, 'lon': 10.9529425}, {'lat': 45.9996328, 'lon': 10.9529846}]",
beach_id_254619632,Unnamed,,,"{'minlat': 45.9363454, 'minlon': 11.2534114, 'maxlat': 45.9374816, 'maxlon': 11.2546212}","[{'lat': 45.9372028, 'lon': 11.2534114}, {'lat': 45.9374816, 'lon': 11.2537301}, {'lat': 45.9373111, 'lon': 11.2539869}, {'lat': 45.9371439, 'lon': 11.2541504}, {'lat': 45.9368207, 'lon': 11.2543862}, {'lat': 45.9365603, 'lon': 11.2545787}, {'lat': 45.9364471, 'lon': 11.2546212}, {'lat': 45.9363454, 'lon': 11.2542604}, {'lat': 45.9364374, 'lon': 11.2541666}, {'lat': 45.9367013, 'lon': 11.2541393}, {'lat': 45.9369538, 'lon': 11.2539956}, {'lat': 45.9369954, 'lon': 11.2539331}, {'lat': 45.9371404, 'lon': 11.2536447}, {'lat': 45.9372028, 'lon': 11.2534114}]",
beach_id_301398700,Unnamed,,,"{'minlat': 46.0028239, 'minlon': 11.2471491, 'maxlat': 46.0066825, 'maxlon': 11.2479947}","[{'lat': 46.0066825, 'lon': 11.2477717}, {'lat': 46.0066396, 'lon': 11.2478242}, {'lat': 46.006339, 'lon': 11.2474777}, {'lat': 46.0060605, 'lon': 11.2472494}, {'lat': 46.0058463, 'lon': 11.2472383}, {'lat': 46.0054791, 'lon': 11.2472961}, {'lat': 46.005443, 'lon': 11.2473008}, {'lat': 46.005383, 'lon': 11.2473233}, {'lat': 46.0051092, 'lon': 11.2473328}, {'lat': 46.0048575, 'lon': 11.2474311}, {'lat': 46.0043251, 'lon': 11.2476068}, {'lat': 46.0037595, 'lon': 11.2475834}, {'lat': 46.0035604, 'lon': 11.2476273}, {'lat': 46.0033515, 'lon': 11.2477021}, {'lat': 46.0031345, 'lon': 11.2478415}, {'lat': 46.0030762, 'lon': 11.2478652}, {'lat': 46.0029852, 'lon': 11.2479544}, {'lat': 46.0028519, 'lon': 11.2479947}, {'lat': 46.0028239, 'lon': 11.247895}, {'lat': 46.0030081, 'lon': 11.2477358}, {'lat': 46.0031437, 'lon': 11.2477402}, {'lat': 46.0033501, 'lon': 11.2476722}, {'lat': 46.0035771, 'lon': 11.2475979}, {'lat': 46.0037303, 'lon': 11.2475669}, {'lat': 46.0037714, 'lon': 11.2475686}, {'lat': 46.0040524, 'lon': 11.2475804}, {'lat': 46.0044047, 'lon': 11.247548}, {'lat': 46.0047937, 'lon': 11.247418}, {'lat': 46.0047923, 'lon': 11.2473659}, {'lat': 46.005131, 'lon': 11.2472416}, {'lat': 46.0052259, 'lon': 11.2472068}, {'lat': 46.0052365, 'lon': 11.2472898}, {'lat': 46.0056214, 'lon': 11.2472382}, {'lat': 46.0056185, 'lon': 11.2471491}, {'lat': 46.0057253, 'lon': 11.2471533}, {'lat': 46.0057408, 'lon': 11.2471841}, {'lat': 46.0060739, 'lon': 11.2472202}, {'lat': 46.0062464, 'lon': 11.2473348}, {'lat': 46.0062647, 'lon': 11.2473017}, {'lat': 46.0063547, 'lon': 11.2472446}, {'lat': 46.0065021, 'lon': 11.2474876}, {'lat': 46.0064843, 'lon': 11.2475389}, {'lat': 46.0066825, 'lon': 11.2477717}]",
beach_id_301612355,Unnamed,,,"{'minlat': 46.0085642, 'minlon': 11.2842379, 'maxlat': 46.0090026, 'maxlon': 11.2860082}","[{'lat': 46.0088597, 'lon': 11.2843086}, {'lat': 46.0087529, 'lon': 11.2842379}, {'lat': 46.0086438, 'lon': 11.2845515}, {'lat': 46.0086048, 'lon': 11.2847087}, {'lat': 46.0085642, 'lon': 11.284917}, {'lat': 46.0085908, 'lon': 11.2852062}, {'lat': 46.0086135, 'lon': 11.2854626}, {'lat': 46.0088172, 'lon': 11.2858915}, {'lat': 46.0090026, 'lon': 11.2860082}, {'lat': 46.0089364, 'lon': 11.2858149}, {'lat': 46.0087461, 'lon': 11.2855802}, {'lat': 46.0087038, 'lon': 11.284871}, {'lat': 46.0087093, 'lon': 11.2848139}, {'lat': 46.0087975, 'lon': 11.2845057}, {'lat': 46.0088597, 'lon': 11.2843086}]",
beach_id_301656042,Unnamed,,,"{'minlat': 46.0073085, 'minlon': 11.2456586, 'maxlat': 46.0077115, 'maxlon': 11.2478133}","[{'lat': 46.0073537, 'lon': 11.2456586}, {'lat': 46.0073085, 'lon': 11.2457494}, {'lat': 46.0073637, 'lon': 11.246122}, {'lat': 46.0075076, 'lon': 11.2465784}, {'lat': 46.0075734, 'lon': 11.2466357}, {'lat': 46.0075995, 'lon': 11.2469312}, {'lat': 46.0076745, 'lon': 11.2473897}, {'lat': 46.007673, 'lon': 11.2477271}, {'lat': 46.0077115, 'lon': 11.2478133}, {'lat': 46.0077028, 'lon': 11.2472332}, {'lat': 46.0075983, 'lon': 11.2467451}, {'lat': 46.0076361, 'lon': 11.2466836}, {'lat': 46.007577, 'lon': 11.2463595}, {'lat': 46.0074629, 'lon': 11.2460569}, {'lat': 46.0074196, 'lon': 11.2460305}, {'lat': 46.0073537, 'lon': 11.2456586}]",
beach_id_321703829,Spiaggia Lido,,,"{'minlat': 46.1350184, 'minlon': 11.257892, 'maxlat': 46.1353852, 'maxlon': 11.258129}","[{'lat': 46.1353852, 'lon': 11.2580858}, {'lat': 46.1353362, 'lon': 11.2580727}, {'lat': 46.1352414, 'lon': 11.258129}, {'lat': 46.1350666, 'lon': 11.2580378}, {'lat': 46.1350184, 'lon': 11.2579681}, {'lat': 46.1350392, 'lon': 11.2579256}, {'lat': 46.1350772, 'lon': 11.257892}, {'lat': 46.1351298, 'lon': 11.2579681}, {'lat': 46.1352227, 'lon': 11.2580458}, {'lat': 46.1352655, 'lon': 11.2580432}, {'lat': 46.135325, 'lon': 11.2580137}, {'lat': 46.1353665, 'lon': 11.2580417}, {'lat': 46.1353852, 'lon': 11.2580858}]",
beach_id_321704920,Spiaggia Alberon,,,"{'minlat': 46.1394098, 'minlon': 11.2556796, 'maxlat': 46.1397461, 'maxlon': 11.2562836}","[{'lat': 46.1394098, 'lon': 11.255694}, {'lat': 46.1394722, 'lon': 11.2556796}, {'lat': 46.1395212, 'lon': 11.2556962}, {'lat': 46.1396308, 'lon': 11.2558545}, {'lat': 46.1397056, 'lon': 11.2560456}, {'lat': 46.1397389, 'lon': 11.2561651}, {'lat': 46.1397461, 'lon': 11.2562373}, {'lat': 46.1397347, 'lon': 11.256271}, {'lat': 46.139694, 'lon': 11.2562836}, {'lat': 46.1396829, 'lon': 11.2562031}, {'lat': 46.1395534, 'lon': 11.2559183}, {'lat': 46.1394924, 'lon': 11.2557874}, {'lat': 46.1394098, 'lon': 11.255694}]",
beach_id_321704921,Unnamed,,,"{'minlat': 46.1387016, 'minlon': 11.2542384, 'maxlat': 46.1388856, 'maxlon': 11.254655}","[{'lat': 46.1387016, 'lon': 11.2542384}, {'lat': 46.1387248, 'lon': 11.2543015}, {'lat': 46.138735, 'lon': 11.2543766}, {'lat': 46.1387564, 'lon': 11.2544369}, {'lat': 46.1387871, 'lon': 11.2544999}, {'lat': 46.1388335, 'lon': 11.2546233}, {'lat': 46.1388386, 'lon': 11.254655}, {'lat': 46.1388707, 'lon': 11.2546408}, {'lat': 46.1388688, 'lon': 11.254622}, {'lat': 46.13888, 'lon': 11.2545777}, {'lat': 46.1388856, 'lon': 11.2545536}, {'lat': 46.1388837, 'lon': 11.2545402}, {'lat': 46.1388781, 'lon': 11.254504}, {'lat': 46.1388651, 'lon': 11.2544476}, {'lat': 46.1388317, 'lon': 11.2543685}, {'lat': 46.1387945, 'lon': 11.2543055}, {'lat': 46.1387555, 'lon': 11.2542813}, {'lat': 46.1387313, 'lon': 11.2542545}, {'lat': 46.1387016, 'lon': 11.2542384}]",
beach_id_334713715,Spiaggia Augsburgerhof,,,"{'minlat': 46.0305295, 'minlon': 11.2319818, 'maxlat': 46.0310206, 'maxlon': 11.2326204}","[{'lat': 46.0309445, 'lon': 11.2319818}, {'lat': 46.0305887, 'lon': 11.2321265}, {'lat': 46.0305295, 'lon': 11.23222}, {'lat': 46.0305549, 'lon': 11.2325737}, {'lat': 46.0307694, 'lon': 11.2324842}, {'lat': 46.0309599, 'lon': 11.2326204}, {'lat': 46.0310206, 'lon': 11.2326062}, {'lat': 46.0310107, 'lon': 11.2324761}, {'lat': 46.0310027, 'lon': 11.232362}, {'lat': 46.0309696, 'lon': 11.2321689}, {'lat': 46.0309445, 'lon': 11.2319818}]",
beach_id_334713718,Unnamed,,,"{'minlat': 46.0323845, 'minlon': 11.2295305, 'maxlat': 46.0332914, 'maxlon': 11.2305164}","[{'lat': 46.0331802, 'lon': 11.2295305}, {'lat': 46.0331417, 'lon': 11.2295551}, {'lat': 46.0331353, 'lon': 11.2296383}, {'lat': 46.0327545, 'lon': 11.2299372}, {'lat': 46.0326861, 'lon': 11.2300573}, {'lat': 46.0323845, 'lon': 11.2302237}, {'lat': 46.0324401, 'lon': 11.2304394}, {'lat': 46.0327011, 'lon': 11.2301344}, {'lat': 46.0328914, 'lon': 11.2305164}, {'lat': 46.0332914, 'lon': 11.2298879}, {'lat': 46.0331802, 'lon': 11.2295305}]",
beach_id_335905747,Unnamed,,,"{'minlat': 46.1550365, 'minlon': 11.2859002, 'maxlat': 46.1560658, 'maxlon': 11.2869925}","[{'lat': 46.1550519, 'lon': 11.2859002}, {'lat': 46.1550365, 'lon': 11.2859464}, {'lat': 46.1551071, 'lon': 11.286161}, {'lat': 46.1551479, 'lon': 11.286456}, {'lat': 46.1552297, 'lon': 11.2866653}, {'lat': 46.1553152, 'lon': 11.2867994}, {'lat': 46.1554861, 'lon': 11.2869281}, {'lat': 46.1556868, 'lon': 11.2869925}, {'lat': 46.155802, 'lon': 11.2869335}, {'lat': 46.1559209, 'lon': 11.2867243}, {'lat': 46.1560509, 'lon': 11.2864292}, {'lat': 46.1560658, 'lon': 11.2862844}, {'lat': 46.1560658, 'lon': 11.2861717}, {'lat': 46.1560434, 'lon': 11.2861449}, {'lat': 46.1559717, 'lon': 11.2860591}, {'lat': 46.1559721, 'lon': 11.286293}, {'lat': 46.1558252, 'lon': 11.2866885}, {'lat': 46.1557063, 'lon': 11.2867925}, {'lat': 46.155571, 'lon': 11.2867676}, {'lat': 46.1553825, 'lon': 11.2865718}, {'lat': 46.155166, 'lon': 11.2860182}, {'lat': 46.1550519, 'lon': 11.2859002}]",
beach_id_335906370,Unnamed,,,"{'minlat': 46.1532033, 'minlon': 11.280495, 'maxlat': 46.1540582, 'maxlon': 11.2816749}","[{'lat': 46.1532033, 'lon': 11.2805599}, {'lat': 46.1532589, 'lon': 11.2805964}, {'lat': 46.1533535, 'lon': 11.2806586}, {'lat': 46.1535021, 'lon': 11.2807149}, {'lat': 46.1536118, 'lon': 11.280849}, {'lat': 46.153727, 'lon': 11.2811977}, {'lat': 46.1538682, 'lon': 11.2815357}, {'lat': 46.1540582, 'lon': 11.2816749}, {'lat': 46.1540518, 'lon': 11.2816424}, {'lat': 46.1538477, 'lon': 11.2812004}, {'lat': 46.1535765, 'lon': 11.2805298}, {'lat': 46.1534817, 'lon': 11.280495}, {'lat': 46.1533479, 'lon': 11.2805412}, {'lat': 46.1532033, 'lon': 11.2805599}]",
beach_id_339020475,Spiaggia alla Diga,,,"{'minlat': 46.149513, 'minlon': 11.2746774, 'maxlat': 46.1508292, 'maxlon': 11.2776332}","[{'lat': 46.149513, 'lon': 11.2747965}, {'lat': 46.1495721, 'lon': 11.2746774}, {'lat': 46.1496172, 'lon': 11.274701}, {'lat': 46.1496628, 'lon': 11.2747754}, {'lat': 46.1496954, 'lon': 11.2748607}, {'lat': 46.1497391, 'lon': 11.2749667}, {'lat': 46.1497873, 'lon': 11.2750193}, {'lat': 46.1498678, 'lon': 11.2750906}, {'lat': 46.1499321, 'lon': 11.2751299}, {'lat': 46.1500131, 'lon': 11.2751838}, {'lat': 46.1500491, 'lon': 11.2752106}, {'lat': 46.1500691, 'lon': 11.2752417}, {'lat': 46.1500848, 'lon': 11.2752942}, {'lat': 46.1500863, 'lon': 11.2753186}, {'lat': 46.1500789, 'lon': 11.2753704}, {'lat': 46.1501331, 'lon': 11.275636}, {'lat': 46.1501786, 'lon': 11.2757779}, {'lat': 46.1502549, 'lon': 11.2759447}, {'lat': 46.1502839, 'lon': 11.2760715}, {'lat': 46.1502967, 'lon': 11.2762464}, {'lat': 46.150353, 'lon': 11.2763985}, {'lat': 46.1503652, 'lon': 11.2765155}, {'lat': 46.1503903, 'lon': 11.2766315}, {'lat': 46.1504429, 'lon': 11.2768066}, {'lat': 46.1504911, 'lon': 11.2769137}, {'lat': 46.1505389, 'lon': 11.277044}, {'lat': 46.1505855, 'lon': 11.2771581}, {'lat': 46.1506232, 'lon': 11.2772351}, {'lat': 46.1506833, 'lon': 11.2773416}, {'lat': 46.1507304, 'lon': 11.2774511}, {'lat': 46.1507632, 'lon': 11.277499}, {'lat': 46.1508292, 'lon': 11.2775769}, {'lat': 46.1508127, 'lon': 11.2776246}, {'lat': 46.1507837, 'lon': 11.2776332}, {'lat': 46.1507223, 'lon': 11.277609}, {'lat': 46.1506462, 'lon': 11.277491}, {'lat': 46.1505867, 'lon': 11.2774159}, {'lat': 46.1505254, 'lon': 11.2773194}, {'lat': 46.1504306, 'lon': 11.2771611}, {'lat': 46.1503804, 'lon': 11.277035}, {'lat': 46.1503396, 'lon': 11.2769707}, {'lat': 46.1502634, 'lon': 11.2767936}, {'lat': 46.1502169, 'lon': 11.2766756}, {'lat': 46.1501928, 'lon': 11.2764932}, {'lat': 46.150176, 'lon': 11.276335}, {'lat': 46.1501705, 'lon': 11.2761955}, {'lat': 46.1501649, 'lon': 11.2761285}, {'lat': 46.1501407, 'lon': 11.2760399}, {'lat': 46.1500906, 'lon': 11.2759461}, {'lat': 46.1500497, 'lon': 11.2758549}, {'lat': 46.1499977, 'lon': 11.2757234}, {'lat': 46.1499568, 'lon': 11.2756403}, {'lat': 46.1499215, 'lon': 11.2756296}, {'lat': 46.149862, 'lon': 11.2755089}, {'lat': 46.1498365, 'lon': 11.2754532}, {'lat': 46.1498536, 'lon': 11.2753824}, {'lat': 46.1498808, 'lon': 11.275336}, {'lat': 46.1498719, 'lon': 11.2752978}, {'lat': 46.1498353, 'lon': 11.2752662}, {'lat': 46.1497988, 'lon': 11.2752621}, {'lat': 46.1497691, 'lon': 11.275238}, {'lat': 46.1497171, 'lon': 11.2751977}, {'lat': 46.1496688, 'lon': 11.2751602}, {'lat': 46.1496242, 'lon': 11.275077}, {'lat': 46.1496017, 'lon': 11.2749896}, {'lat': 46.1495684, 'lon': 11.2748651}, {'lat': 46.149513, 'lon': 11.2747965}]",
beach_id_339021463,Unnamed,,,"{'minlat': 46.1501546, 'minlon': 11.2737934, 'maxlat': 46.1515678, 'maxlon': 11.274506}","[{'lat': 46.1501724, 'lon': 11.2739508}, {'lat': 46.1502605, 'lon': 11.2740764}, {'lat': 46.1503211, 'lon': 11.2741329}, {'lat': 46.1503418, 'lon': 11.2741081}, {'lat': 46.1503281, 'lon': 11.2740627}, {'lat': 46.1502687, 'lon': 11.2739915}, {'lat': 46.1502483, 'lon': 11.2738961}, {'lat': 46.1502626, 'lon': 11.2738505}, {'lat': 46.1502858, 'lon': 11.2738228}, {'lat': 46.1503424, 'lon': 11.2737934}, {'lat': 46.1504257, 'lon': 11.273801}, {'lat': 46.1505393, 'lon': 11.2738959}, {'lat': 46.150666, 'lon': 11.2740321}, {'lat': 46.1507911, 'lon': 11.2740393}, {'lat': 46.1510791, 'lon': 11.2741064}, {'lat': 46.1513133, 'lon': 11.2741627}, {'lat': 46.1515678, 'lon': 11.2743827}, {'lat': 46.1514749, 'lon': 11.2744604}, {'lat': 46.1514935, 'lon': 11.274506}, {'lat': 46.1513932, 'lon': 11.2743746}, {'lat': 46.1512029, 'lon': 11.2742323}, {'lat': 46.1510661, 'lon': 11.2742083}, {'lat': 46.1509453, 'lon': 11.2742244}, {'lat': 46.1507966, 'lon': 11.2741977}, {'lat': 46.1507556, 'lon': 11.2741942}, {'lat': 46.1505262, 'lon': 11.2742285}, {'lat': 46.1503658, 'lon': 11.2743542}, {'lat': 46.1503619, 'lon': 11.2742485}, {'lat': 46.150352, 'lon': 11.274202}, {'lat': 46.1502467, 'lon': 11.2741466}, {'lat': 46.1501556, 'lon': 11.2740071}, {'lat': 46.1501546, 'lon': 11.2739482}, {'lat': 46.1501724, 'lon': 11.2739508}]",
beach_id_345854412,Unnamed,,,"{'minlat': 45.9373802, 'minlon': 11.2522201, 'maxlat': 45.9381394, 'maxlon': 11.2534634}","[{'lat': 45.9381394, 'lon': 11.2523597}, {'lat': 45.9379914, 'lon': 11.2522201}, {'lat': 45.9379424, 'lon': 11.252232}, {'lat': 45.9377935, 'lon': 11.2525871}, {'lat': 45.9377482, 'lon': 11.2526775}, {'lat': 45.937419, 'lon': 11.2531203}, {'lat': 45.9373802, 'lon': 11.2532533}, {'lat': 45.9375041, 'lon': 11.2534634}, {'lat': 45.9375374, 'lon': 11.2533955}, {'lat': 45.9374551, 'lon': 11.2532612}, {'lat': 45.9376761, 'lon': 11.2529062}, {'lat': 45.9378573, 'lon': 11.2531389}, {'lat': 45.9380451, 'lon': 11.2525538}, {'lat': 45.9381394, 'lon': 11.2523597}]",
beach_id_345854443,Unnamed,,,"{'minlat': 45.9348815, 'minlon': 11.2531462, 'maxlat': 45.9352102, 'maxlon': 11.2540019}","[{'lat': 45.9352102, 'lon': 11.2531462}, {'lat': 45.9351034, 'lon': 11.2533769}, {'lat': 45.9348815, 'lon': 11.2535657}, {'lat': 45.9349379, 'lon': 11.2537107}, {'lat': 45.9349647, 'lon': 11.2540019}, {'lat': 45.9351728, 'lon': 11.2539279}, {'lat': 45.9351515, 'lon': 11.2537936}, {'lat': 45.9352102, 'lon': 11.2531462}]",
beach_id_384983267,Unnamed,,,"{'minlat': 46.0987658, 'minlon': 10.9342599, 'maxlat': 46.0993308, 'maxlon': 10.9344563}","[{'lat': 46.0987658, 'lon': 10.9342599}, {'lat': 46.0987721, 'lon': 10.9343579}, {'lat': 46.0988499, 'lon': 10.9344128}, {'lat': 46.0990641, 'lon': 10.9343716}, {'lat': 46.0991467, 'lon': 10.9344243}, {'lat': 46.0992514, 'lon': 10.9344563}, {'lat': 46.0992927, 'lon': 10.9344518}, {'lat': 46.0993149, 'lon': 10.9344037}, {'lat': 46.0993308, 'lon': 10.9343374}, {'lat': 46.0991902, 'lon': 10.9342868}, {'lat': 46.0988886, 'lon': 10.9342601}, {'lat': 46.0987658, 'lon': 10.9342599}]",
beach_id_384983269,Unnamed,,,"{'minlat': 46.0973446, 'minlon': 10.9335678, 'maxlat': 46.097986, 'maxlon': 10.9339666}","[{'lat': 46.0974373, 'lon': 10.9336909}, {'lat': 46.0973655, 'lon': 10.9336666}, {'lat': 46.0973446, 'lon': 10.9336607}, {'lat': 46.097353, 'lon': 10.9335767}, {'lat': 46.0975653, 'lon': 10.9335678}, {'lat': 46.0977654, 'lon': 10.9336477}, {'lat': 46.0979162, 'lon': 10.9338074}, {'lat': 46.097986, 'lon': 10.9338859}, {'lat': 46.0979541, 'lon': 10.9339666}, {'lat': 46.0978654, 'lon': 10.9339585}, {'lat': 46.0977599, 'lon': 10.9339035}, {'lat': 46.0976791, 'lon': 10.9338355}, {'lat': 46.0976409, 'lon': 10.9337772}, {'lat': 46.0975792, 'lon': 10.9337465}, {'lat': 46.0974905, 'lon': 10.933719}, {'lat': 46.0974373, 'lon': 10.9336909}]",
beach_id_390202388,Unnamed,,,"{'minlat': 46.0057777, 'minlon': 11.2622907, 'maxlat': 46.005935, 'maxlon': 11.2627956}","[{'lat': 46.0057842, 'lon': 11.2622907}, {'lat': 46.0057777, 'lon': 11.2624181}, {'lat': 46.0059015, 'lon': 11.2627956}, {'lat': 46.005935, 'lon': 11.2627738}, {'lat': 46.0057842, 'lon': 11.2622907}]",
beach_id_390202397,Unnamed,,,"{'minlat': 46.0058255, 'minlon': 11.2629054, 'maxlat': 46.0061427, 'maxlon': 11.263578}","[{'lat': 46.005931, 'lon': 11.2629054}, {'lat': 46.0058255, 'lon': 11.2629605}, {'lat': 46.0058753, 'lon': 11.2631813}, {'lat': 46.0059101, 'lon': 11.2633438}, {'lat': 46.0059604, 'lon': 11.2634431}, {'lat': 46.0060307, 'lon': 11.263578}, {'lat': 46.0061427, 'lon': 11.2635466}, {'lat': 46.0061292, 'lon': 11.263499}, {'lat': 46.0061223, 'lon': 11.2634765}, {'lat': 46.005931, 'lon': 11.2629054}]",
beach_id_395157923,Spiaggia del lago di Canzolino,,,"{'minlat': 46.0826575, 'minlon': 11.2296375, 'maxlat': 46.0828576, 'maxlon': 11.2301241}","[{'lat': 46.0828224, 'lon': 11.2296375}, {'lat': 46.0828576, 'lon': 11.2297502}, {'lat': 46.0826575, 'lon': 11.2301241}, {'lat': 46.0826647, 'lon': 11.2299213}, {'lat': 46.0828224, 'lon': 11.2296375}]",
beach_id_401433570,Unnamed,,,"{'minlat': 46.0389508, 'minlon': 11.0044394, 'maxlat': 46.0395896, 'maxlon': 11.0057702}","[{'lat': 46.0395327, 'lon': 11.0052242}, {'lat': 46.0394001, 'lon': 11.0054299}, {'lat': 46.0391572, 'lon': 11.0057702}, {'lat': 46.0389508, 'lon': 11.0051455}, {'lat': 46.0390884, 'lon': 11.0050446}, {'lat': 46.0391425, 'lon': 11.0044394}, {'lat': 46.0395896, 'lon': 11.0045492}, {'lat': 46.0395505, 'lon': 11.004991}, {'lat': 46.0395327, 'lon': 11.0052242}]",
beach_id_429506350,Unnamed,,,"{'minlat': 46.0045988, 'minlon': 11.2588459, 'maxlat': 46.0050554, 'maxlon': 11.2603604}","[{'lat': 46.0045988, 'lon': 11.2588459}, {'lat': 46.0046415, 'lon': 11.259238}, {'lat': 46.0047818, 'lon': 11.2597287}, {'lat': 46.0048919, 'lon': 11.2601583}, {'lat': 46.0049373, 'lon': 11.2602163}, {'lat': 46.0049856, 'lon': 11.2603604}, {'lat': 46.0050547, 'lon': 11.2603304}, {'lat': 46.0050227, 'lon': 11.260217}, {'lat': 46.0049699, 'lon': 11.2600885}, {'lat': 46.0049823, 'lon': 11.2600558}, {'lat': 46.0049996, 'lon': 11.2600324}, {'lat': 46.0050295, 'lon': 11.2600116}, {'lat': 46.0050494, 'lon': 11.2599803}, {'lat': 46.0050554, 'lon': 11.2599428}, {'lat': 46.0050458, 'lon': 11.2598913}, {'lat': 46.0050238, 'lon': 11.2598674}, {'lat': 46.004993, 'lon': 11.2598619}, {'lat': 46.0049779, 'lon': 11.2598057}, {'lat': 46.0048112, 'lon': 11.259404}, {'lat': 46.0045988, 'lon': 11.2588459}]",
beach_id_435497165,Unnamed,,,"{'minlat': 46.0361627, 'minlon': 11.23527, 'maxlat': 46.0371345, 'maxlon': 11.2371448}","[{'lat': 46.0364498, 'lon': 11.2358087}, {'lat': 46.0363462, 'lon': 11.2353228}, {'lat': 46.0365415, 'lon': 11.23527}, {'lat': 46.0366132, 'lon': 11.2359325}, {'lat': 46.0366344, 'lon': 11.2360508}, {'lat': 46.0366569, 'lon': 11.2361765}, {'lat': 46.0367566, 'lon': 11.2365856}, {'lat': 46.0368552, 'lon': 11.2367747}, {'lat': 46.0371345, 'lon': 11.2371448}, {'lat': 46.0370366, 'lon': 11.2371318}, {'lat': 46.0366732, 'lon': 11.2370437}, {'lat': 46.0366545, 'lon': 11.23714}, {'lat': 46.0365141, 'lon': 11.2370428}, {'lat': 46.0364102, 'lon': 11.2367754}, {'lat': 46.0364654, 'lon': 11.2366975}, {'lat': 46.0364645, 'lon': 11.2364928}, {'lat': 46.0364202, 'lon': 11.2363317}, {'lat': 46.0362804, 'lon': 11.2363505}, {'lat': 46.0362098, 'lon': 11.2363213}, {'lat': 46.0361912, 'lon': 11.2362229}, {'lat': 46.0361627, 'lon': 11.2360715}, {'lat': 46.0362988, 'lon': 11.2358991}, {'lat': 46.0364498, 'lon': 11.2358087}]",
beach_id_583557434,Unnamed,,,"{'minlat': 45.9898288, 'minlon': 11.6647705, 'maxlat': 45.9908004, 'maxlon': 11.6661446}","[{'lat': 45.9908004, 'lon': 11.6647705}, {'lat': 45.9903993, 'lon': 11.6650307}, {'lat': 45.990179, 'lon': 11.6652908}, {'lat': 45.9899982, 'lon': 11.6656405}, {'lat': 45.9899191, 'lon': 11.6659169}, {'lat': 45.9898288, 'lon': 11.6661446}, {'lat': 45.9902129, 'lon': 11.665551}, {'lat': 45.9905349, 'lon': 11.6651038}, {'lat': 45.9908004, 'lon': 11.6647705}]",
beach_id_583658364,Unnamed,,,"{'minlat': 46.0090109, 'minlon': 11.6374357, 'maxlat': 46.0098605, 'maxlon': 11.6383255}","[{'lat': 46.009805, 'lon': 11.6374357}, {'lat': 46.0095267, 'lon': 11.6374812}, {'lat': 46.0093646, 'lon': 11.6376182}, {'lat': 46.0091079, 'lon': 11.6376456}, {'lat': 46.0090123, 'lon': 11.6380164}, {'lat': 46.0090109, 'lon': 11.6383255}, {'lat': 46.0092758, 'lon': 11.6383066}, {'lat': 46.0095221, 'lon': 11.638081}, {'lat': 46.0096242, 'lon': 11.6378901}, {'lat': 46.0098605, 'lon': 11.6378005}, {'lat': 46.009805, 'lon': 11.6374357}]",
beach_id_616217579,Unnamed,,,"{'minlat': 46.3527926, 'minlon': 11.0602552, 'maxlat': 46.3552625, 'maxlon': 11.0623791}","[{'lat': 46.3527926, 'lon': 11.0603086}, {'lat': 46.3528428, 'lon': 11.0602552}, {'lat': 46.35315, 'lon': 11.0602959}, {'lat': 46.3533074, 'lon': 11.060423}, {'lat': 46.3533443, 'lon': 11.0605605}, {'lat': 46.3534369, 'lon': 11.0604578}, {'lat': 46.3534565, 'lon': 11.0603395}, {'lat': 46.3536019, 'lon': 11.060333}, {'lat': 46.3537209, 'lon': 11.0603975}, {'lat': 46.3538663, 'lon': 11.0605881}, {'lat': 46.3540656, 'lon': 11.0607106}, {'lat': 46.3541906, 'lon': 11.0606843}, {'lat': 46.3542276, 'lon': 11.0605744}, {'lat': 46.3542841, 'lon': 11.0605636}, {'lat': 46.3543063, 'lon': 11.0606186}, {'lat': 46.3542483, 'lon': 11.0607049}, {'lat': 46.3543208, 'lon': 11.0607333}, {'lat': 46.3544127, 'lon': 11.0606387}, {'lat': 46.3545022, 'lon': 11.0606643}, {'lat': 46.3546388, 'lon': 11.0607432}, {'lat': 46.3548671, 'lon': 11.060913}, {'lat': 46.3551485, 'lon': 11.0611271}, {'lat': 46.3552386, 'lon': 11.0613819}, {'lat': 46.3552625, 'lon': 11.0617336}, {'lat': 46.3549838, 'lon': 11.0619616}, {'lat': 46.3549811, 'lon': 11.0622641}, {'lat': 46.3547915, 'lon': 11.0623791}, {'lat': 46.3545832, 'lon': 11.061863}, {'lat': 46.3543424, 'lon': 11.0615899}, {'lat': 46.3541989, 'lon': 11.0614897}, {'lat': 46.3538938, 'lon': 11.0613202}, {'lat': 46.3537376, 'lon': 11.061055}, {'lat': 46.3534862, 'lon': 11.0609033}, {'lat': 46.3532742, 'lon': 11.0608122}, {'lat': 46.3529361, 'lon': 11.060755}, {'lat': 46.3528104, 'lon': 11.0607057}, {'lat': 46.3527926, 'lon': 11.0603086}]",
beach_id_671600432,Unnamed,,,"{'minlat': 46.0362138, 'minlon': 11.2330481, 'maxlat': 46.0366109, 'maxlon': 11.2342396}","[{'lat': 46.0362138, 'lon': 11.2330481}, {'lat': 46.0363082, 'lon': 11.2336145}, {'lat': 46.036335, 'lon': 11.2339616}, {'lat': 46.0363098, 'lon': 11.2342396}, {'lat': 46.0363617, 'lon': 11.234222}, {'lat': 46.0366109, 'lon': 11.234104}, {'lat': 46.0365624, 'lon': 11.2337587}, {'lat': 46.0364541, 'lon': 11.2337454}, {'lat': 46.0364162, 'lon': 11.2336958}, {'lat': 46.036406, 'lon': 11.23362}, {'lat': 46.0364139, 'lon': 11.2335614}, {'lat': 46.0364394, 'lon': 11.2335252}, {'lat': 46.0364663, 'lon': 11.2335012}, {'lat': 46.0365452, 'lon': 11.2334956}, {'lat': 46.0365417, 'lon': 11.2333935}, {'lat': 46.0365443, 'lon': 11.2332866}, {'lat': 46.0365464, 'lon': 11.2331273}, {'lat': 46.0362138, 'lon': 11.2330481}]",
beach_id_722704518,Unnamed,,,"{'minlat': 46.0118157, 'minlon': 11.2863986, 'maxlat': 46.0127233, 'maxlon': 11.2871197}","[{'lat': 46.0125515, 'lon': 11.2869597}, {'lat': 46.0126016, 'lon': 11.2869573}, {'lat': 46.0126644, 'lon': 11.2869301}, {'lat': 46.0127131, 'lon': 11.2870619}, {'lat': 46.0127233, 'lon': 11.2871057}, {'lat': 46.0126514, 'lon': 11.2871197}, {'lat': 46.0125738, 'lon': 11.2870959}, {'lat': 46.0124413, 'lon': 11.2870977}, {'lat': 46.0123688, 'lon': 11.287086}, {'lat': 46.0123084, 'lon': 11.2870607}, {'lat': 46.0121083, 'lon': 11.2869769}, {'lat': 46.0119976, 'lon': 11.286837}, {'lat': 46.0119302, 'lon': 11.2867559}, {'lat': 46.0118157, 'lon': 11.2867121}, {'lat': 46.0118278, 'lon': 11.2864654}, {'lat': 46.0118311, 'lon': 11.2863986}, {'lat': 46.0120614, 'lon': 11.2867158}, {'lat': 46.0124193, 'lon': 11.2869661}, {'lat': 46.0125515, 'lon': 11.2869597}]",
beach_id_812509262,Unnamed,,,"{'minlat': 46.0139714, 'minlon': 11.2596743, 'maxlat': 46.0143014, 'maxlon': 11.260105}","[{'lat': 46.0143014, 'lon': 11.2599497}, {'lat': 46.0142864, 'lon': 11.2599702}, {'lat': 46.0142141, 'lon': 11.259952}, {'lat': 46.0139714, 'lon': 11.260105}, {'lat': 46.0139909, 'lon': 11.260017}, {'lat': 46.0140594, 'lon': 11.2599957}, {'lat': 46.0141148, 'lon': 11.259883}, {'lat': 46.0141366, 'lon': 11.2598396}, {'lat': 46.0142655, 'lon': 11.2596743}, {'lat': 46.0143014, 'lon': 11.2599497}]",
beach_id_817270062,Unnamed,,,"{'minlat': 45.8396193, 'minlon': 10.8603483, 'maxlat': 45.8396731, 'maxlon': 10.860528}","[{'lat': 45.8396665, 'lon': 10.8603539}, {'lat': 45.8396324, 'lon': 10.8603483}, {'lat': 45.8396258, 'lon': 10.8603805}, {'lat': 45.8396221, 'lon': 10.8604127}, {'lat': 45.8396193, 'lon': 10.8604623}, {'lat': 45.8396193, 'lon': 10.8605012}, {'lat': 45.8396258, 'lon': 10.860528}, {'lat': 45.8396651, 'lon': 10.8604933}, {'lat': 45.8396667, 'lon': 10.8604551}, {'lat': 45.8396731, 'lon': 10.8603931}, {'lat': 45.8396665, 'lon': 10.8603539}]",
beach_id_817301482,Unnamed,,,"{'minlat': 45.8376801, 'minlon': 10.8596076, 'maxlat': 45.8379807, 'maxlon': 10.8596879}","[{'lat': 45.8377094, 'lon': 10.8596076}, {'lat': 45.8376908, 'lon': 10.8596285}, {'lat': 45.8376801, 'lon': 10.8596527}, {'lat': 45.8376872, 'lon': 10.8596715}, {'lat': 45.8376891, 'lon': 10.8596842}, {'lat': 45.8377247, 'lon': 10.8596877}, {'lat': 45.8377875, 'lon': 10.8596879}, {'lat': 45.8378451, 'lon': 10.8596558}, {'lat': 45.8378858, 'lon': 10.8596508}, {'lat': 45.8378921, 'lon': 10.85965}, {'lat': 45.8379401, 'lon': 10.8596442}, {'lat': 45.8379596, 'lon': 10.8596414}, {'lat': 45.8379807, 'lon': 10.8596384}, {'lat': 45.8379605, 'lon': 10.859637}, {'lat': 45.8379386, 'lon': 10.8596384}, {'lat': 45.8379166, 'lon': 10.8596397}, {'lat': 45.837882, 'lon': 10.8596397}, {'lat': 45.8378619, 'lon': 10.859639}, {'lat': 45.8378325, 'lon': 10.859639}, {'lat': 45.8378101, 'lon': 10.8596457}, {'lat': 45.8377965, 'lon': 10.8596478}, {'lat': 45.8377811, 'lon': 10.8596524}, {'lat': 45.8377652, 'lon': 10.8596511}, {'lat': 45.8377232, 'lon': 10.8596203}, {'lat': 45.8377094, 'lon': 10.8596076}]",
beach_id_817318627,Unnamed,,,"{'minlat': 45.8372871, 'minlon': 10.8593584, 'maxlat': 45.8374615, 'maxlon': 10.8595328}","[{'lat': 45.8374615, 'lon': 10.8595199}, {'lat': 45.8374141, 'lon': 10.8595328}, {'lat': 45.8373441, 'lon': 10.859467}, {'lat': 45.8373011, 'lon': 10.8594201}, {'lat': 45.8372871, 'lon': 10.8593893}, {'lat': 45.8372955, 'lon': 10.8593584}, {'lat': 45.8373366, 'lon': 10.8593866}, {'lat': 45.8373627, 'lon': 10.8594}, {'lat': 45.8373842, 'lon': 10.8594134}, {'lat': 45.8374104, 'lon': 10.8594349}, {'lat': 45.8374225, 'lon': 10.8594603}, {'lat': 45.8374366, 'lon': 10.8594831}, {'lat': 45.8374615, 'lon': 10.8595199}]",
beach_id_837111828,Unnamed,,,"{'minlat': 46.1181175, 'minlon': 10.56472, 'maxlat': 46.1186775, 'maxlon': 10.5654463}","[{'lat': 46.1181175, 'lon': 10.56472}, {'lat': 46.118138, 'lon': 10.564934}, {'lat': 46.1181324, 'lon': 10.5650922}, {'lat': 46.1181324, 'lon': 10.5652719}, {'lat': 46.1181548, 'lon': 10.5653873}, {'lat': 46.1181752, 'lon': 10.5654463}, {'lat': 46.1183072, 'lon': 10.5654195}, {'lat': 46.1184281, 'lon': 10.5653122}, {'lat': 46.1186158, 'lon': 10.5650601}, {'lat': 46.1186698, 'lon': 10.5648696}, {'lat': 46.1186775, 'lon': 10.5647854}, {'lat': 46.1185707, 'lon': 10.5648531}, {'lat': 46.1183555, 'lon': 10.5648415}, {'lat': 46.1181175, 'lon': 10.56472}]",
beach_id_837111829,Unnamed,,,"{'minlat': 46.1201168, 'minlon': 10.5647995, 'maxlat': 46.1208941, 'maxlon': 10.5654707}","[{'lat': 46.1204457, 'lon': 10.5649214}, {'lat': 46.120619, 'lon': 10.5647995}, {'lat': 46.1208941, 'lon': 10.5648212}, {'lat': 46.1207624, 'lon': 10.5650113}, {'lat': 46.1206186, 'lon': 10.5653568}, {'lat': 46.1204721, 'lon': 10.5654707}, {'lat': 46.1202861, 'lon': 10.5654422}, {'lat': 46.1201168, 'lon': 10.5653714}, {'lat': 46.1201706, 'lon': 10.5652674}, {'lat': 46.1203584, 'lon': 10.5651548}, {'lat': 46.1204309, 'lon': 10.5650502}, {'lat': 46.1205554, 'lon': 10.5649912}, {'lat': 46.1204457, 'lon': 10.5649214}]",
beach_id_846703075,Unnamed,,,"{'minlat': 46.1091203, 'minlon': 10.9446808, 'maxlat': 46.1092386, 'maxlon': 10.9449645}","[{'lat': 46.1092386, 'lon': 10.9446808}, {'lat': 46.1091686, 'lon': 10.9447043}, {'lat': 46.1091296, 'lon': 10.9447579}, {'lat': 46.1091203, 'lon': 10.9448679}, {'lat': 46.1091609, 'lon': 10.9449645}, {'lat': 46.1092386, 'lon': 10.9446808}]",
beach_id_853433041,Unnamed,,,"{'minlat': 45.9363658, 'minlon': 10.8179488, 'maxlat': 45.9365816, 'maxlon': 10.81825}","[{'lat': 45.9365816, 'lon': 10.8180569}, {'lat': 45.9364549, 'lon': 10.8179488}, {'lat': 45.936413, 'lon': 10.8180411}, {'lat': 45.9363658, 'lon': 10.8182375}, {'lat': 45.9364902, 'lon': 10.81825}, {'lat': 45.9365238, 'lon': 10.8181561}, {'lat': 45.9365513, 'lon': 10.8181089}, {'lat': 45.9365816, 'lon': 10.8180569}]",
beach_id_853433043,Unnamed,,,"{'minlat': 45.9361203, 'minlon': 10.8154424, 'maxlat': 45.9363323, 'maxlon': 10.8169755}","[{'lat': 45.9362768, 'lon': 10.816403}, {'lat': 45.9362382, 'lon': 10.8168096}, {'lat': 45.9362873, 'lon': 10.8169755}, {'lat': 45.9363137, 'lon': 10.8167037}, {'lat': 45.9363305, 'lon': 10.8164596}, {'lat': 45.9363323, 'lon': 10.816296}, {'lat': 45.9362987, 'lon': 10.8161217}, {'lat': 45.9362316, 'lon': 10.8157998}, {'lat': 45.9361831, 'lon': 10.8156281}, {'lat': 45.9361203, 'lon': 10.8154424}, {'lat': 45.9362247, 'lon': 10.8160205}, {'lat': 45.9362768, 'lon': 10.816403}]",
beach_id_888222908,Unnamed,,,"{'minlat': 45.9723504, 'minlon': 10.9268372, 'maxlat': 45.9729179, 'maxlon': 10.9270782}","[{'lat': 45.9729179, 'lon': 10.9269326}, {'lat': 45.97288, 'lon': 10.9270085}, {'lat': 45.9728484, 'lon': 10.9270487}, {'lat': 45.9727458, 'lon': 10.9270567}, {'lat': 45.9726955, 'lon': 10.9270782}, {'lat': 45.9725911, 'lon': 10.9270675}, {'lat': 45.9724587, 'lon': 10.9270219}, {'lat': 45.9724177, 'lon': 10.9269709}, {'lat': 45.9723504, 'lon': 10.9268372}, {'lat': 45.9723971, 'lon': 10.9268576}, {'lat': 45.9725686, 'lon': 10.9268725}, {'lat': 45.9727159, 'lon': 10.9268873}, {'lat': 45.9727877, 'lon': 10.9269146}, {'lat': 45.9729179, 'lon': 10.9269326}]",
beach_id_888698447,Unnamed,,,"{'minlat': 45.9833, 'minlon': 10.9270795, 'maxlat': 45.985086, 'maxlon': 10.9273048}","[{'lat': 45.985086, 'lon': 10.9271062}, {'lat': 45.9850157, 'lon': 10.9271787}, {'lat': 45.9849597, 'lon': 10.9272512}, {'lat': 45.984874, 'lon': 10.9272699}, {'lat': 45.9847734, 'lon': 10.9272699}, {'lat': 45.9846709, 'lon': 10.9272726}, {'lat': 45.9845553, 'lon': 10.927278}, {'lat': 45.9844752, 'lon': 10.9272673}, {'lat': 45.9844174, 'lon': 10.9272673}, {'lat': 45.9843559, 'lon': 10.9272646}, {'lat': 45.9842683, 'lon': 10.9272646}, {'lat': 45.9841322, 'lon': 10.927286}, {'lat': 45.9840577, 'lon': 10.927286}, {'lat': 45.9839831, 'lon': 10.927278}, {'lat': 45.9838676, 'lon': 10.9272941}, {'lat': 45.9838061, 'lon': 10.9273048}, {'lat': 45.9837334, 'lon': 10.9273048}, {'lat': 45.9836551, 'lon': 10.9273048}, {'lat': 45.9835936, 'lon': 10.9273048}, {'lat': 45.9835321, 'lon': 10.9272941}, {'lat': 45.9834762, 'lon': 10.9272807}, {'lat': 45.983411, 'lon': 10.9272485}, {'lat': 45.9833588, 'lon': 10.9272163}, {'lat': 45.9833414, 'lon': 10.927199}, {'lat': 45.9833, 'lon': 10.9271595}, {'lat': 45.9833826, 'lon': 10.9271418}, {'lat': 45.9834036, 'lon': 10.9271746}, {'lat': 45.9835681, 'lon': 10.9272207}, {'lat': 45.9836735, 'lon': 10.9272286}, {'lat': 45.9838343, 'lon': 10.9272163}, {'lat': 45.9838494, 'lon': 10.9272129}, {'lat': 45.9840247, 'lon': 10.9271728}, {'lat': 45.9840765, 'lon': 10.9271754}, {'lat': 45.9841764, 'lon': 10.9271674}, {'lat': 45.9843576, 'lon': 10.9271701}, {'lat': 45.9844232, 'lon': 10.9271312}, {'lat': 45.9845018, 'lon': 10.9271701}, {'lat': 45.9845814, 'lon': 10.9271442}, {'lat': 45.9846034, 'lon': 10.9271401}, {'lat': 45.9846199, 'lon': 10.927137}, {'lat': 45.9846349, 'lon': 10.9271328}, {'lat': 45.984669, 'lon': 10.9271216}, {'lat': 45.984702, 'lon': 10.9271108}, {'lat': 45.9847519, 'lon': 10.9270869}, {'lat': 45.9847829, 'lon': 10.9270998}, {'lat': 45.9848048, 'lon': 10.9271259}, {'lat': 45.984826, 'lon': 10.9271014}, {'lat': 45.9848808, 'lon': 10.9270903}, {'lat': 45.9849508, 'lon': 10.9270795}, {'lat': 45.985086, 'lon': 10.9271062}]",
beach_id_888698449,Unnamed,,,"{'minlat': 45.9841711, 'minlon': 10.9273129, 'maxlat': 45.9850569, 'maxlon': 10.9274644}","[{'lat': 45.9850569, 'lon': 10.9273905}, {'lat': 45.9849952, 'lon': 10.9273424}, {'lat': 45.9849374, 'lon': 10.9273129}, {'lat': 45.9848852, 'lon': 10.9273263}, {'lat': 45.984833, 'lon': 10.9273263}, {'lat': 45.9847641, 'lon': 10.9273263}, {'lat': 45.9846802, 'lon': 10.9273236}, {'lat': 45.9846075, 'lon': 10.9273316}, {'lat': 45.9845236, 'lon': 10.9273289}, {'lat': 45.9844342, 'lon': 10.9273397}, {'lat': 45.9843335, 'lon': 10.9273504}, {'lat': 45.984231, 'lon': 10.9273477}, {'lat': 45.9841844, 'lon': 10.9274094}, {'lat': 45.9841711, 'lon': 10.9274644}, {'lat': 45.9843969, 'lon': 10.9274044}, {'lat': 45.984554, 'lon': 10.927401}, {'lat': 45.9847135, 'lon': 10.9273844}, {'lat': 45.9848406, 'lon': 10.9273844}, {'lat': 45.9849492, 'lon': 10.927411}, {'lat': 45.9850569, 'lon': 10.9273905}]",
beach_id_888698451,Unnamed,,,"{'minlat': 45.9835274, 'minlon': 10.9273719, 'maxlat': 45.9841033, 'maxlon': 10.9274975}","[{'lat': 45.9841033, 'lon': 10.9273847}, {'lat': 45.9840409, 'lon': 10.9273719}, {'lat': 45.9839626, 'lon': 10.9273772}, {'lat': 45.9838788, 'lon': 10.9273772}, {'lat': 45.9838154, 'lon': 10.9273772}, {'lat': 45.9837483, 'lon': 10.9273719}, {'lat': 45.9836905, 'lon': 10.9273719}, {'lat': 45.9836178, 'lon': 10.9273719}, {'lat': 45.9835274, 'lon': 10.9273954}, {'lat': 45.9835902, 'lon': 10.9274089}, {'lat': 45.9838052, 'lon': 10.9274476}, {'lat': 45.9839808, 'lon': 10.9274975}, {'lat': 45.9840442, 'lon': 10.9274885}, {'lat': 45.9840558, 'lon': 10.9274496}, {'lat': 45.9840782, 'lon': 10.927404}, {'lat': 45.9841033, 'lon': 10.9273847}]",
beach_id_888698455,Unnamed,,,"{'minlat': 45.981323, 'minlon': 10.925181, 'maxlat': 45.9829598, 'maxlon': 10.9270079}","[{'lat': 45.981323, 'lon': 10.925181}, {'lat': 45.9813626, 'lon': 10.9252033}, {'lat': 45.9814083, 'lon': 10.9252315}, {'lat': 45.9814651, 'lon': 10.9252932}, {'lat': 45.9815276, 'lon': 10.9253696}, {'lat': 45.9815267, 'lon': 10.9254393}, {'lat': 45.9815546, 'lon': 10.9254957}, {'lat': 45.9815947, 'lon': 10.9255426}, {'lat': 45.9816506, 'lon': 10.9255627}, {'lat': 45.9816869, 'lon': 10.9255828}, {'lat': 45.9817512, 'lon': 10.9256029}, {'lat': 45.9817997, 'lon': 10.9256137}, {'lat': 45.9818426, 'lon': 10.9256485}, {'lat': 45.9818677, 'lon': 10.9257277}, {'lat': 45.9818845, 'lon': 10.9257907}, {'lat': 45.9818808, 'lon': 10.925839}, {'lat': 45.9818711, 'lon': 10.9258742}, {'lat': 45.98185, 'lon': 10.9259034}, {'lat': 45.9818286, 'lon': 10.9259221}, {'lat': 45.9818165, 'lon': 10.925961}, {'lat': 45.9818502, 'lon': 10.9259764}, {'lat': 45.9818781, 'lon': 10.9260059}, {'lat': 45.9818976, 'lon': 10.9259999}, {'lat': 45.981924, 'lon': 10.9259743}, {'lat': 45.9819656, 'lon': 10.9259449}, {'lat': 45.981988, 'lon': 10.925949}, {'lat': 45.9819991, 'lon': 10.925974}, {'lat': 45.981988, 'lon': 10.9260089}, {'lat': 45.9819707, 'lon': 10.9260579}, {'lat': 45.9819965, 'lon': 10.9260951}, {'lat': 45.9820393, 'lon': 10.9261521}, {'lat': 45.9820963, 'lon': 10.9262282}, {'lat': 45.9821777, 'lon': 10.9263532}, {'lat': 45.9823108, 'lon': 10.9264597}, {'lat': 45.9823921, 'lon': 10.9264809}, {'lat': 45.9825123, 'lon': 10.9265767}, {'lat': 45.9827065, 'lon': 10.9266965}, {'lat': 45.9828322, 'lon': 10.9267869}, {'lat': 45.9828997, 'lon': 10.9268493}, {'lat': 45.9829598, 'lon': 10.9269492}, {'lat': 45.9829515, 'lon': 10.9269757}, {'lat': 45.9829376, 'lon': 10.9269932}, {'lat': 45.9829282, 'lon': 10.9270012}, {'lat': 45.9829133, 'lon': 10.9270079}, {'lat': 45.9828844, 'lon': 10.9269784}, {'lat': 45.9828434, 'lon': 10.9269261}, {'lat': 45.9828108, 'lon': 10.9268845}, {'lat': 45.9827959, 'lon': 10.9268483}, {'lat': 45.9827745, 'lon': 10.9268309}, {'lat': 45.9827586, 'lon': 10.9268255}, {'lat': 45.9827335, 'lon': 10.9268081}, {'lat': 45.9827074, 'lon': 10.9267799}, {'lat': 45.9826869, 'lon': 10.9267638}, {'lat': 45.9826664, 'lon': 10.926741}, {'lat': 45.9826431, 'lon': 10.926729}, {'lat': 45.9826228, 'lon': 10.9267233}, {'lat': 45.9826095, 'lon': 10.9267196}, {'lat': 45.9825943, 'lon': 10.9267134}, {'lat': 45.9825797, 'lon': 10.9267075}, {'lat': 45.9825518, 'lon': 10.9266954}, {'lat': 45.9825173, 'lon': 10.926674}, {'lat': 45.9824865, 'lon': 10.9266673}, {'lat': 45.9824548, 'lon': 10.9266472}, {'lat': 45.982426, 'lon': 10.9266364}, {'lat': 45.9824017, 'lon': 10.9266324}, {'lat': 45.9823877, 'lon': 10.9266297}, {'lat': 45.9823523, 'lon': 10.9266029}, {'lat': 45.9823141, 'lon': 10.9265801}, {'lat': 45.982254, 'lon': 10.926541}, {'lat': 45.9822251, 'lon': 10.9265115}, {'lat': 45.9821934, 'lon': 10.9264699}, {'lat': 45.9821487, 'lon': 10.9264404}, {'lat': 45.9821291, 'lon': 10.926423}, {'lat': 45.9821021, 'lon': 10.9263962}, {'lat': 45.982076, 'lon': 10.9263626}, {'lat': 45.9820471, 'lon': 10.9263318}, {'lat': 45.9820024, 'lon': 10.9263036}, {'lat': 45.9819521, 'lon': 10.9262393}, {'lat': 45.9819334, 'lon': 10.9261991}, {'lat': 45.9819092, 'lon': 10.9261709}, {'lat': 45.9818812, 'lon': 10.9261414}, {'lat': 45.9818589, 'lon': 10.926116}, {'lat': 45.9818356, 'lon': 10.926073}, {'lat': 45.9818085, 'lon': 10.9260476}, {'lat': 45.9817862, 'lon': 10.9260248}, {'lat': 45.9817629, 'lon': 10.9259966}, {'lat': 45.9817442, 'lon': 10.9259698}, {'lat': 45.9817144, 'lon': 10.9259416}, {'lat': 45.9816175, 'lon': 10.9258181}, {'lat': 45.9815653, 'lon': 10.9257564}, {'lat': 45.9815383, 'lon': 10.9257161}, {'lat': 45.9815262, 'lon': 10.9256826}, {'lat': 45.9815215, 'lon': 10.925629}, {'lat': 45.9815243, 'lon': 10.9255753}, {'lat': 45.981515, 'lon': 10.9255297}, {'lat': 45.9815038, 'lon': 10.9254935}, {'lat': 45.9814991, 'lon': 10.9254801}, {'lat': 45.9814786, 'lon': 10.92546}, {'lat': 45.9814665, 'lon': 10.9254493}, {'lat': 45.9814525, 'lon': 10.9254305}, {'lat': 45.9814246, 'lon': 10.9254104}, {'lat': 45.9814032, 'lon': 10.9253809}, {'lat': 45.9813761, 'lon': 10.9253339}, {'lat': 45.9813622, 'lon': 10.9252991}, {'lat': 45.981337, 'lon': 10.9252468}, {'lat': 45.981323, 'lon': 10.925181}]",
beach_id_888698456,Unnamed,,,"{'minlat': 45.9812305, 'minlon': 10.9253356, 'maxlat': 45.9829649, 'maxlon': 10.9272166}","[{'lat': 45.9812305, 'lon': 10.9253356}, {'lat': 45.9812932, 'lon': 10.9253983}, {'lat': 45.9813211, 'lon': 10.9254613}, {'lat': 45.9813575, 'lon': 10.9255177}, {'lat': 45.9813743, 'lon': 10.9255579}, {'lat': 45.9814115, 'lon': 10.9256156}, {'lat': 45.9814376, 'lon': 10.9256598}, {'lat': 45.9814731, 'lon': 10.9257161}, {'lat': 45.9815057, 'lon': 10.9257591}, {'lat': 45.9815327, 'lon': 10.9257752}, {'lat': 45.981556, 'lon': 10.9258261}, {'lat': 45.9815867, 'lon': 10.925857}, {'lat': 45.9816156, 'lon': 10.9258878}, {'lat': 45.9816483, 'lon': 10.9259589}, {'lat': 45.9816865, 'lon': 10.9260085}, {'lat': 45.9817377, 'lon': 10.9260581}, {'lat': 45.9817703, 'lon': 10.9260715}, {'lat': 45.9817815, 'lon': 10.9261037}, {'lat': 45.9817908, 'lon': 10.926144}, {'lat': 45.9818188, 'lon': 10.9261587}, {'lat': 45.9818542, 'lon': 10.9262043}, {'lat': 45.9818794, 'lon': 10.9262231}, {'lat': 45.9818971, 'lon': 10.9262258}, {'lat': 45.9819199, 'lon': 10.9262467}, {'lat': 45.9819199, 'lon': 10.9262883}, {'lat': 45.9819493, 'lon': 10.926321}, {'lat': 45.9819935, 'lon': 10.9263701}, {'lat': 45.9819898, 'lon': 10.9263996}, {'lat': 45.9820103, 'lon': 10.9264063}, {'lat': 45.9820262, 'lon': 10.9263902}, {'lat': 45.9820499, 'lon': 10.9264064}, {'lat': 45.9820769, 'lon': 10.9264292}, {'lat': 45.9821058, 'lon': 10.92646}, {'lat': 45.9821226, 'lon': 10.9264869}, {'lat': 45.9821673, 'lon': 10.9265056}, {'lat': 45.9821887, 'lon': 10.9265311}, {'lat': 45.9822279, 'lon': 10.926562}, {'lat': 45.9822465, 'lon': 10.9265727}, {'lat': 45.982308, 'lon': 10.9266225}, {'lat': 45.9823471, 'lon': 10.9266654}, {'lat': 45.9823798, 'lon': 10.9266801}, {'lat': 45.982404, 'lon': 10.9266855}, {'lat': 45.9824431, 'lon': 10.9266962}, {'lat': 45.9824767, 'lon': 10.9266989}, {'lat': 45.9824869, 'lon': 10.9267244}, {'lat': 45.9825214, 'lon': 10.9267432}, {'lat': 45.9825391, 'lon': 10.9267324}, {'lat': 45.9825634, 'lon': 10.9267432}, {'lat': 45.9825922, 'lon': 10.9267566}, {'lat': 45.9826213, 'lon': 10.926762}, {'lat': 45.9826511, 'lon': 10.9267861}, {'lat': 45.9826762, 'lon': 10.9268102}, {'lat': 45.9827154, 'lon': 10.9268478}, {'lat': 45.9827499, 'lon': 10.9268759}, {'lat': 45.9827676, 'lon': 10.9268759}, {'lat': 45.9827815, 'lon': 10.9269001}, {'lat': 45.9828151, 'lon': 10.9269229}, {'lat': 45.9828328, 'lon': 10.9269564}, {'lat': 45.9828552, 'lon': 10.9269966}, {'lat': 45.982871, 'lon': 10.9270261}, {'lat': 45.9829155, 'lon': 10.9270798}, {'lat': 45.9829444, 'lon': 10.9271214}, {'lat': 45.9829649, 'lon': 10.9271442}, {'lat': 45.9829649, 'lon': 10.9271764}, {'lat': 45.9829556, 'lon': 10.9272032}, {'lat': 45.9829409, 'lon': 10.9272166}, {'lat': 45.9828553, 'lon': 10.9271649}, {'lat': 45.9828272, 'lon': 10.9270888}, {'lat': 45.9827861, 'lon': 10.9270556}, {'lat': 45.9827076, 'lon': 10.927008}, {'lat': 45.9826288, 'lon': 10.9269853}, {'lat': 45.9825918, 'lon': 10.9269278}, {'lat': 45.9825156, 'lon': 10.9268622}, {'lat': 45.9824767, 'lon': 10.9267952}, {'lat': 45.9824648, 'lon': 10.926788}, {'lat': 45.9824813, 'lon': 10.9267787}, {'lat': 45.9824618, 'lon': 10.9267533}, {'lat': 45.9824499, 'lon': 10.9267755}, {'lat': 45.9824097, 'lon': 10.926739}, {'lat': 45.9822983, 'lon': 10.926656}, {'lat': 45.9822283, 'lon': 10.9266025}, {'lat': 45.9821564, 'lon': 10.9265704}, {'lat': 45.9820686, 'lon': 10.9264901}, {'lat': 45.9820307, 'lon': 10.9264762}, {'lat': 45.9819929, 'lon': 10.9264273}, {'lat': 45.9818985, 'lon': 10.9263833}, {'lat': 45.9818461, 'lon': 10.9263159}, {'lat': 45.9817806, 'lon': 10.9262968}, {'lat': 45.9817189, 'lon': 10.9261785}, {'lat': 45.9816535, 'lon': 10.9261139}, {'lat': 45.9816442, 'lon': 10.9260576}, {'lat': 45.9816125, 'lon': 10.9259638}, {'lat': 45.9815697, 'lon': 10.9259183}, {'lat': 45.9815194, 'lon': 10.9259076}, {'lat': 45.9814525, 'lon': 10.9257811}, {'lat': 45.9814192, 'lon': 10.9256815}, {'lat': 45.98136, 'lon': 10.9256083}, {'lat': 45.9813344, 'lon': 10.9255468}, {'lat': 45.9812883, 'lon': 10.9254852}, {'lat': 45.9812752, 'lon': 10.9254319}, {'lat': 45.9812305, 'lon': 10.9253356}]",
beach_id_888714785,Unnamed,,,"{'minlat': 45.9888264, 'minlon': 10.9273206, 'maxlat': 45.996747, 'maxlon': 10.9287954}","[{'lat': 45.9888264, 'lon': 10.9279006}, {'lat': 45.9888553, 'lon': 10.9278115}, {'lat': 45.9889113, 'lon': 10.9277417}, {'lat': 45.9890324, 'lon': 10.9276318}, {'lat': 45.9891162, 'lon': 10.9275594}, {'lat': 45.9892094, 'lon': 10.9275191}, {'lat': 45.9894181, 'lon': 10.9274467}, {'lat': 45.9895719, 'lon': 10.9274701}, {'lat': 45.989585, 'lon': 10.9274647}, {'lat': 45.9896697, 'lon': 10.9274977}, {'lat': 45.9897042, 'lon': 10.9275036}, {'lat': 45.9897657, 'lon': 10.9275157}, {'lat': 45.989789, 'lon': 10.9274956}, {'lat': 45.9898058, 'lon': 10.9275063}, {'lat': 45.9898284, 'lon': 10.9275237}, {'lat': 45.9898634, 'lon': 10.9275023}, {'lat': 45.9899101, 'lon': 10.9275111}, {'lat': 45.9899698, 'lon': 10.9275245}, {'lat': 45.9900126, 'lon': 10.9275272}, {'lat': 45.9900443, 'lon': 10.9275218}, {'lat': 45.9900998, 'lon': 10.9274894}, {'lat': 45.99011, 'lon': 10.9275135}, {'lat': 45.9901138, 'lon': 10.9275672}, {'lat': 45.9901352, 'lon': 10.9275819}, {'lat': 45.9901743, 'lon': 10.9275806}, {'lat': 45.9902079, 'lon': 10.9275725}, {'lat': 45.9902144, 'lon': 10.9275564}, {'lat': 45.9902004, 'lon': 10.9275229}, {'lat': 45.9901771, 'lon': 10.92748}, {'lat': 45.9901585, 'lon': 10.9274465}, {'lat': 45.9902325, 'lon': 10.9274252}, {'lat': 45.9902884, 'lon': 10.9274548}, {'lat': 45.9903164, 'lon': 10.9274467}, {'lat': 45.9903406, 'lon': 10.9274118}, {'lat': 45.9904058, 'lon': 10.9274199}, {'lat': 45.9904375, 'lon': 10.9274601}, {'lat': 45.9904562, 'lon': 10.9275003}, {'lat': 45.9904971, 'lon': 10.9275003}, {'lat': 45.9905288, 'lon': 10.9274923}, {'lat': 45.9906071, 'lon': 10.9274655}, {'lat': 45.990676, 'lon': 10.9274413}, {'lat': 45.9907147, 'lon': 10.927444}, {'lat': 45.990773, 'lon': 10.9273609}, {'lat': 45.9908233, 'lon': 10.9273206}, {'lat': 45.9908531, 'lon': 10.9273475}, {'lat': 45.9908568, 'lon': 10.9274038}, {'lat': 45.9908757, 'lon': 10.9274406}, {'lat': 45.9908794, 'lon': 10.9274781}, {'lat': 45.9909167, 'lon': 10.9274862}, {'lat': 45.9909428, 'lon': 10.9274164}, {'lat': 45.9909887, 'lon': 10.9273716}, {'lat': 45.9909875, 'lon': 10.9274084}, {'lat': 45.9910024, 'lon': 10.9274406}, {'lat': 45.991036, 'lon': 10.9274433}, {'lat': 45.9910639, 'lon': 10.9273735}, {'lat': 45.9911307, 'lon': 10.9273689}, {'lat': 45.9912593, 'lon': 10.9273528}, {'lat': 45.9913972, 'lon': 10.9273743}, {'lat': 45.9914981, 'lon': 10.9274312}, {'lat': 45.9915538, 'lon': 10.927495}, {'lat': 45.9916097, 'lon': 10.927554}, {'lat': 45.9916826, 'lon': 10.9276444}, {'lat': 45.9917162, 'lon': 10.9276578}, {'lat': 45.9917162, 'lon': 10.9277571}, {'lat': 45.991745, 'lon': 10.9277987}, {'lat': 45.9918128, 'lon': 10.9278517}, {'lat': 45.9918557, 'lon': 10.9278839}, {'lat': 45.9919022, 'lon': 10.927908}, {'lat': 45.9919787, 'lon': 10.9279816}, {'lat': 45.9920309, 'lon': 10.9280299}, {'lat': 45.9920514, 'lon': 10.9280728}, {'lat': 45.9920812, 'lon': 10.9281318}, {'lat': 45.9921203, 'lon': 10.9282096}, {'lat': 45.9921762, 'lon': 10.9282016}, {'lat': 45.9922303, 'lon': 10.9282043}, {'lat': 45.9922825, 'lon': 10.9282284}, {'lat': 45.9923179, 'lon': 10.9281962}, {'lat': 45.99237, 'lon': 10.9281909}, {'lat': 45.992411, 'lon': 10.9281694}, {'lat': 45.9924539, 'lon': 10.9281453}, {'lat': 45.9924893, 'lon': 10.9281399}, {'lat': 45.9925322, 'lon': 10.9281426}, {'lat': 45.9926179, 'lon': 10.9281667}, {'lat': 45.9926943, 'lon': 10.9282016}, {'lat': 45.9927539, 'lon': 10.9282284}, {'lat': 45.9928117, 'lon': 10.928274}, {'lat': 45.9928769, 'lon': 10.9282928}, {'lat': 45.992985, 'lon': 10.9283411}, {'lat': 45.9929943, 'lon': 10.9283974}, {'lat': 45.9930409, 'lon': 10.9283947}, {'lat': 45.9930577, 'lon': 10.9284215}, {'lat': 45.993067, 'lon': 10.9284993}, {'lat': 45.9931229, 'lon': 10.9285074}, {'lat': 45.9931881, 'lon': 10.9284939}, {'lat': 45.9932384, 'lon': 10.9284939}, {'lat': 45.9933111, 'lon': 10.9285288}, {'lat': 45.9933595, 'lon': 10.9285717}, {'lat': 45.9934937, 'lon': 10.9286307}, {'lat': 45.9935347, 'lon': 10.9286683}, {'lat': 45.9935757, 'lon': 10.9286683}, {'lat': 45.9936353, 'lon': 10.9286173}, {'lat': 45.9937173, 'lon': 10.9285959}, {'lat': 45.9937583, 'lon': 10.9285744}, {'lat': 45.993803, 'lon': 10.928553}, {'lat': 45.9938533, 'lon': 10.92851}, {'lat': 45.9938869, 'lon': 10.9284752}, {'lat': 45.9939502, 'lon': 10.9284537}, {'lat': 45.9939931, 'lon': 10.9284349}, {'lat': 45.9940192, 'lon': 10.9284001}, {'lat': 45.9941157, 'lon': 10.9282622}, {'lat': 45.9941604, 'lon': 10.9282059}, {'lat': 45.9942182, 'lon': 10.9281281}, {'lat': 45.9942443, 'lon': 10.9280825}, {'lat': 45.9942703, 'lon': 10.9280047}, {'lat': 45.9943132, 'lon': 10.9279377}, {'lat': 45.9943766, 'lon': 10.9278867}, {'lat': 45.9943989, 'lon': 10.9278358}, {'lat': 45.9944306, 'lon': 10.927758}, {'lat': 45.9944865, 'lon': 10.9277392}, {'lat': 45.9945331, 'lon': 10.9277043}, {'lat': 45.9945834, 'lon': 10.9276856}, {'lat': 45.9946188, 'lon': 10.927648}, {'lat': 45.9946915, 'lon': 10.9276453}, {'lat': 45.9947585, 'lon': 10.9276185}, {'lat': 45.9948499, 'lon': 10.9275836}, {'lat': 45.9950977, 'lon': 10.9274924}, {'lat': 45.9951405, 'lon': 10.9274817}, {'lat': 45.9951909, 'lon': 10.9274898}, {'lat': 45.9952393, 'lon': 10.9274844}, {'lat': 45.9953194, 'lon': 10.9274844}, {'lat': 45.9953884, 'lon': 10.9274737}, {'lat': 45.9954573, 'lon': 10.9275058}, {'lat': 45.9955132, 'lon': 10.9275112}, {'lat': 45.9955747, 'lon': 10.9275219}, {'lat': 45.9956437, 'lon': 10.9275622}, {'lat': 45.9957331, 'lon': 10.9275783}, {'lat': 45.9958579, 'lon': 10.9276453}, {'lat': 45.9959511, 'lon': 10.9276668}, {'lat': 45.996007, 'lon': 10.9276641}, {'lat': 45.9960517, 'lon': 10.9276614}, {'lat': 45.9961468, 'lon': 10.9276587}, {'lat': 45.9962101, 'lon': 10.9276587}, {'lat': 45.9962548, 'lon': 10.9276587}, {'lat': 45.9963238, 'lon': 10.9276131}, {'lat': 45.9963648, 'lon': 10.9276024}, {'lat': 45.9964468, 'lon': 10.9275246}, {'lat': 45.9965138, 'lon': 10.927471}, {'lat': 45.9965996, 'lon': 10.9274173}, {'lat': 45.9967109, 'lon': 10.9273756}, {'lat': 45.9967272, 'lon': 10.9273888}, {'lat': 45.996747, 'lon': 10.9274071}, {'lat': 45.9966954, 'lon': 10.9274703}, {'lat': 45.9966196, 'lon': 10.9275182}, {'lat': 45.9964958, 'lon': 10.9275821}, {'lat': 45.996433, 'lon': 10.927606}, {'lat': 45.996372, 'lon': 10.9276646}, {'lat': 45.996311, 'lon': 10.9277258}, {'lat': 45.9962573, 'lon': 10.9277497}, {'lat': 45.9961908, 'lon': 10.9277577}, {'lat': 45.9960688, 'lon': 10.9277524}, {'lat': 45.9960004, 'lon': 10.9277684}, {'lat': 45.9959098, 'lon': 10.9277577}, {'lat': 45.995847, 'lon': 10.9277338}, {'lat': 45.9957823, 'lon': 10.9276912}, {'lat': 45.995688, 'lon': 10.9276327}, {'lat': 45.995603, 'lon': 10.9276247}, {'lat': 45.995505, 'lon': 10.9276007}, {'lat': 45.9953793, 'lon': 10.9275369}, {'lat': 45.9952555, 'lon': 10.9275182}, {'lat': 45.9951741, 'lon': 10.9275236}, {'lat': 45.9951057, 'lon': 10.9275581}, {'lat': 45.995041, 'lon': 10.9276167}, {'lat': 45.9949116, 'lon': 10.9276566}, {'lat': 45.9948562, 'lon': 10.9276859}, {'lat': 45.9947804, 'lon': 10.9277258}, {'lat': 45.9947323, 'lon': 10.9277444}, {'lat': 45.9946399, 'lon': 10.9277577}, {'lat': 45.9945549, 'lon': 10.927779}, {'lat': 45.9944772, 'lon': 10.9278854}, {'lat': 45.9944347, 'lon': 10.9279386}, {'lat': 45.9943866, 'lon': 10.9280344}, {'lat': 45.9942979, 'lon': 10.9281196}, {'lat': 45.9941778, 'lon': 10.9282313}, {'lat': 45.9941001, 'lon': 10.9283511}, {'lat': 45.9940243, 'lon': 10.9284708}, {'lat': 45.9939559, 'lon': 10.9285666}, {'lat': 45.9938838, 'lon': 10.9286039}, {'lat': 45.993797, 'lon': 10.9286305}, {'lat': 45.9936953, 'lon': 10.9286837}, {'lat': 45.9936306, 'lon': 10.9287129}, {'lat': 45.9933588, 'lon': 10.9287954}, {'lat': 45.9932794, 'lon': 10.9287662}, {'lat': 45.9932165, 'lon': 10.928697}, {'lat': 45.9931111, 'lon': 10.9286517}, {'lat': 45.9930353, 'lon': 10.9286251}, {'lat': 45.9929337, 'lon': 10.9285427}, {'lat': 45.9928043, 'lon': 10.9284735}, {'lat': 45.9927301, 'lon': 10.9283756}, {'lat': 45.9926215, 'lon': 10.9282492}, {'lat': 45.9925337, 'lon': 10.9282525}, {'lat': 45.9924597, 'lon': 10.9283157}, {'lat': 45.9923211, 'lon': 10.9283456}, {'lat': 45.9921362, 'lon': 10.9283057}, {'lat': 45.9920322, 'lon': 10.9281893}, {'lat': 45.9919745, 'lon': 10.9280696}, {'lat': 45.9919167, 'lon': 10.9279798}, {'lat': 45.9918173, 'lon': 10.9279199}, {'lat': 45.9917359, 'lon': 10.9278733}, {'lat': 45.9916065, 'lon': 10.9277991}, {'lat': 45.9915677, 'lon': 10.9277769}, {'lat': 45.9914877, 'lon': 10.9278105}, {'lat': 45.9914538, 'lon': 10.9277961}, {'lat': 45.9914139, 'lon': 10.9277758}, {'lat': 45.9913483, 'lon': 10.9277328}, {'lat': 45.9913541, 'lon': 10.9276}, {'lat': 45.9912905, 'lon': 10.9274809}, {'lat': 45.9911911, 'lon': 10.9274276}, {'lat': 45.9911634, 'lon': 10.9274056}, {'lat': 45.9911356, 'lon': 10.9274077}, {'lat': 45.9910903, 'lon': 10.9274085}, {'lat': 45.9910524, 'lon': 10.9274576}, {'lat': 45.9910275, 'lon': 10.927525}, {'lat': 45.9910155, 'lon': 10.9275574}, {'lat': 45.9908861, 'lon': 10.9275906}, {'lat': 45.9908375, 'lon': 10.9275274}, {'lat': 45.9907515, 'lon': 10.9275268}, {'lat': 45.9907096, 'lon': 10.9275126}, {'lat': 45.9906897, 'lon': 10.9274825}, {'lat': 45.9906539, 'lon': 10.9274788}, {'lat': 45.9906347, 'lon': 10.9274633}, {'lat': 45.9906207, 'lon': 10.9274741}, {'lat': 45.9906216, 'lon': 10.9275116}, {'lat': 45.9906309, 'lon': 10.9275277}, {'lat': 45.990617, 'lon': 10.9275398}, {'lat': 45.9906155, 'lon': 10.9275796}, {'lat': 45.9905777, 'lon': 10.9275611}, {'lat': 45.9905233, 'lon': 10.9275574}, {'lat': 45.9904539, 'lon': 10.9276006}, {'lat': 45.9903222, 'lon': 10.9275707}, {'lat': 45.9902436, 'lon': 10.9275474}, {'lat': 45.9901882, 'lon': 10.9276106}, {'lat': 45.9901443, 'lon': 10.9276937}, {'lat': 45.9900773, 'lon': 10.927727}, {'lat': 45.9899663, 'lon': 10.9277802}, {'lat': 45.9898392, 'lon': 10.9277669}, {'lat': 45.9897676, 'lon': 10.9276505}, {'lat': 45.9896544, 'lon': 10.9275939}, {'lat': 45.9895628, 'lon': 10.927577}, {'lat': 45.9895411, 'lon': 10.9275982}, {'lat': 45.9895288, 'lon': 10.9276101}, {'lat': 45.9895059, 'lon': 10.9276501}, {'lat': 45.9894779, 'lon': 10.9276414}, {'lat': 45.9894575, 'lon': 10.9276542}, {'lat': 45.9894262, 'lon': 10.9276632}, {'lat': 45.9893427, 'lon': 10.9276333}, {'lat': 45.9893031, 'lon': 10.9275341}, {'lat': 45.9891668, 'lon': 10.9275707}, {'lat': 45.9890766, 'lon': 10.9276738}, {'lat': 45.9890189, 'lon': 10.9277104}, {'lat': 45.9889334, 'lon': 10.9277868}, {'lat': 45.9888996, 'lon': 10.9278197}, {'lat': 45.9888548, 'lon': 10.9278633}, {'lat': 45.9888264, 'lon': 10.9279006}]",
beach_id_888714786,Unnamed,,,"{'minlat': 45.9954649, 'minlon': 10.9269036, 'maxlat': 45.996847, 'maxlon': 10.9273836}","[{'lat': 45.9957176, 'lon': 10.9273836}, {'lat': 45.9956329, 'lon': 10.9273649}, {'lat': 45.9955788, 'lon': 10.9273488}, {'lat': 45.9954649, 'lon': 10.9272582}, {'lat': 45.9955599, 'lon': 10.9272252}, {'lat': 45.9956751, 'lon': 10.9271753}, {'lat': 45.995773, 'lon': 10.927191}, {'lat': 45.9958303, 'lon': 10.9271484}, {'lat': 45.9959172, 'lon': 10.9271111}, {'lat': 45.9960078, 'lon': 10.9271111}, {'lat': 45.9961464, 'lon': 10.9271085}, {'lat': 45.996213, 'lon': 10.9271165}, {'lat': 45.9963257, 'lon': 10.9271298}, {'lat': 45.9964145, 'lon': 10.9270978}, {'lat': 45.9965457, 'lon': 10.9270765}, {'lat': 45.9965827, 'lon': 10.9270553}, {'lat': 45.9966381, 'lon': 10.9270553}, {'lat': 45.9967232, 'lon': 10.9270473}, {'lat': 45.9967953, 'lon': 10.9269781}, {'lat': 45.996847, 'lon': 10.9269036}, {'lat': 45.9968195, 'lon': 10.9270028}, {'lat': 45.9967841, 'lon': 10.9270752}, {'lat': 45.9967525, 'lon': 10.9271235}, {'lat': 45.996732, 'lon': 10.9271745}, {'lat': 45.9966936, 'lon': 10.9272175}, {'lat': 45.9966743, 'lon': 10.9272351}, {'lat': 45.996657, 'lon': 10.9272527}, {'lat': 45.9966387, 'lon': 10.9272307}, {'lat': 45.9966316, 'lon': 10.9271765}, {'lat': 45.996594, 'lon': 10.9271516}, {'lat': 45.9965502, 'lon': 10.927156}, {'lat': 45.9965686, 'lon': 10.9272351}, {'lat': 45.996527, 'lon': 10.9272335}, {'lat': 45.9964881, 'lon': 10.9272246}, {'lat': 45.9964599, 'lon': 10.9272325}, {'lat': 45.9963875, 'lon': 10.9272218}, {'lat': 45.9963091, 'lon': 10.9272218}, {'lat': 45.9962411, 'lon': 10.9272282}, {'lat': 45.9961124, 'lon': 10.9272112}, {'lat': 45.9960326, 'lon': 10.9272176}, {'lat': 45.9959468, 'lon': 10.9271963}, {'lat': 45.9958936, 'lon': 10.927241}, {'lat': 45.9958403, 'lon': 10.9272601}, {'lat': 45.99579, 'lon': 10.9272814}, {'lat': 45.9957501, 'lon': 10.9273155}, {'lat': 45.9957265, 'lon': 10.9273368}, {'lat': 45.9957176, 'lon': 10.9273836}]",
beach_id_888714787,Unnamed,,,"{'minlat': 45.9919677, 'minlon': 10.9272582, 'maxlat': 45.9955788, 'maxlon': 10.9285766}","[{'lat': 45.9955788, 'lon': 10.9273488}, {'lat': 45.9955097, 'lon': 10.9273998}, {'lat': 45.9954482, 'lon': 10.9274024}, {'lat': 45.9953923, 'lon': 10.9274024}, {'lat': 45.9953234, 'lon': 10.9274024}, {'lat': 45.9952637, 'lon': 10.9274051}, {'lat': 45.9951631, 'lon': 10.9274239}, {'lat': 45.9951147, 'lon': 10.9274293}, {'lat': 45.995042, 'lon': 10.9274561}, {'lat': 45.9948836, 'lon': 10.9275044}, {'lat': 45.9946675, 'lon': 10.9275627}, {'lat': 45.9946097, 'lon': 10.9275869}, {'lat': 45.9945314, 'lon': 10.927603}, {'lat': 45.9944643, 'lon': 10.9276432}, {'lat': 45.9944196, 'lon': 10.9276727}, {'lat': 45.9943786, 'lon': 10.9277371}, {'lat': 45.9943283, 'lon': 10.9278149}, {'lat': 45.9942836, 'lon': 10.9278927}, {'lat': 45.9942091, 'lon': 10.9280214}, {'lat': 45.9941289, 'lon': 10.9281233}, {'lat': 45.9940805, 'lon': 10.9281957}, {'lat': 45.9939977, 'lon': 10.9283325}, {'lat': 45.9939436, 'lon': 10.9283808}, {'lat': 45.9939064, 'lon': 10.9284023}, {'lat': 45.9938579, 'lon': 10.9284184}, {'lat': 45.9938132, 'lon': 10.9284586}, {'lat': 45.993761, 'lon': 10.9284962}, {'lat': 45.9936641, 'lon': 10.9285471}, {'lat': 45.9936063, 'lon': 10.9285713}, {'lat': 45.9935728, 'lon': 10.9285766}, {'lat': 45.993543, 'lon': 10.9285739}, {'lat': 45.9935039, 'lon': 10.9285713}, {'lat': 45.9934329, 'lon': 10.9285391}, {'lat': 45.9933193, 'lon': 10.9284774}, {'lat': 45.9932074, 'lon': 10.9284184}, {'lat': 45.9930621, 'lon': 10.9283325}, {'lat': 45.9929782, 'lon': 10.9282869}, {'lat': 45.9929074, 'lon': 10.928244}, {'lat': 45.9928422, 'lon': 10.9282011}, {'lat': 45.9927788, 'lon': 10.9281743}, {'lat': 45.9927248, 'lon': 10.9281421}, {'lat': 45.9926577, 'lon': 10.9281206}, {'lat': 45.9925568, 'lon': 10.9280804}, {'lat': 45.9924972, 'lon': 10.9280509}, {'lat': 45.9924637, 'lon': 10.9280616}, {'lat': 45.9924208, 'lon': 10.9280911}, {'lat': 45.992378, 'lon': 10.9281099}, {'lat': 45.9923239, 'lon': 10.9281126}, {'lat': 45.9922773, 'lon': 10.928118}, {'lat': 45.992227, 'lon': 10.9281206}, {'lat': 45.9921637, 'lon': 10.9280938}, {'lat': 45.9921077, 'lon': 10.9280509}, {'lat': 45.9920798, 'lon': 10.9280107}, {'lat': 45.9920351, 'lon': 10.9279624}, {'lat': 45.9919792, 'lon': 10.9279007}, {'lat': 45.9919677, 'lon': 10.9278349}, {'lat': 45.9919976, 'lon': 10.9278068}, {'lat': 45.9921223, 'lon': 10.9279332}, {'lat': 45.992194, 'lon': 10.9279565}, {'lat': 45.9923003, 'lon': 10.9279897}, {'lat': 45.9924505, 'lon': 10.9279964}, {'lat': 45.9925175, 'lon': 10.9279964}, {'lat': 45.9926307, 'lon': 10.928033}, {'lat': 45.9927183, 'lon': 10.9280513}, {'lat': 45.9927578, 'lon': 10.9280596}, {'lat': 45.9927735, 'lon': 10.9280674}, {'lat': 45.9928357, 'lon': 10.9280983}, {'lat': 45.9928745, 'lon': 10.9281143}, {'lat': 45.9929762, 'lon': 10.9281967}, {'lat': 45.9930797, 'lon': 10.9282659}, {'lat': 45.9931167, 'lon': 10.9282899}, {'lat': 45.9931499, 'lon': 10.9283271}, {'lat': 45.9932276, 'lon': 10.928383}, {'lat': 45.99332, 'lon': 10.9284415}, {'lat': 45.9933607, 'lon': 10.9284522}, {'lat': 45.9934161, 'lon': 10.9284788}, {'lat': 45.9935141, 'lon': 10.9285214}, {'lat': 45.9935899, 'lon': 10.9285187}, {'lat': 45.9936602, 'lon': 10.9284921}, {'lat': 45.9937101, 'lon': 10.9284761}, {'lat': 45.9937951, 'lon': 10.9284415}, {'lat': 45.993856, 'lon': 10.9283186}, {'lat': 45.9939318, 'lon': 10.9282497}, {'lat': 45.9939943, 'lon': 10.92817}, {'lat': 45.9940332, 'lon': 10.9281169}, {'lat': 45.9940608, 'lon': 10.9280213}, {'lat': 45.994116, 'lon': 10.9278934}, {'lat': 45.9941939, 'lon': 10.9278189}, {'lat': 45.994281, 'lon': 10.9277363}, {'lat': 45.9944088, 'lon': 10.9276299}, {'lat': 45.994527, 'lon': 10.9275421}, {'lat': 45.9945825, 'lon': 10.9275154}, {'lat': 45.9946526, 'lon': 10.9274782}, {'lat': 45.9947728, 'lon': 10.9274434}, {'lat': 45.9948324, 'lon': 10.9274313}, {'lat': 45.9948909, 'lon': 10.9274195}, {'lat': 45.9949836, 'lon': 10.927404}, {'lat': 45.9951759, 'lon': 10.9273475}, {'lat': 45.9952384, 'lon': 10.9273265}, {'lat': 45.9953051, 'lon': 10.9273079}, {'lat': 45.9953772, 'lon': 10.9272973}, {'lat': 45.9954528, 'lon': 10.9272624}, {'lat': 45.9954649, 'lon': 10.9272582}, {'lat': 45.9955788, 'lon': 10.9273488}]",
beach_id_888714788,Unnamed,,,"{'minlat': 45.9888422, 'minlon': 10.9272869, 'maxlat': 45.9900616, 'maxlon': 10.9276603}","[{'lat': 45.9888422, 'lon': 10.9276456}, {'lat': 45.9888973, 'lon': 10.9276603}, {'lat': 45.9889644, 'lon': 10.9276174}, {'lat': 45.989065, 'lon': 10.9275477}, {'lat': 45.9891545, 'lon': 10.9274726}, {'lat': 45.9892663, 'lon': 10.9274323}, {'lat': 45.9893576, 'lon': 10.9273894}, {'lat': 45.9894284, 'lon': 10.927384}, {'lat': 45.989503, 'lon': 10.927384}, {'lat': 45.989626, 'lon': 10.9274243}, {'lat': 45.9897322, 'lon': 10.927435}, {'lat': 45.9898738, 'lon': 10.9274484}, {'lat': 45.9900378, 'lon': 10.9274699}, {'lat': 45.9900616, 'lon': 10.9274612}, {'lat': 45.9900476, 'lon': 10.9274223}, {'lat': 45.9900299, 'lon': 10.9273727}, {'lat': 45.9900253, 'lon': 10.9273392}, {'lat': 45.9900377, 'lon': 10.9272981}, {'lat': 45.9899684, 'lon': 10.9272886}, {'lat': 45.9898759, 'lon': 10.9273102}, {'lat': 45.9898434, 'lon': 10.9273278}, {'lat': 45.989802, 'lon': 10.9273501}, {'lat': 45.989779, 'lon': 10.9273489}, {'lat': 45.9897396, 'lon': 10.9273468}, {'lat': 45.9897121, 'lon': 10.9273371}, {'lat': 45.9896263, 'lon': 10.9273069}, {'lat': 45.9894646, 'lon': 10.9272869}, {'lat': 45.9894042, 'lon': 10.9273067}, {'lat': 45.9893121, 'lon': 10.9273368}, {'lat': 45.9891827, 'lon': 10.9273767}, {'lat': 45.9891133, 'lon': 10.9274266}, {'lat': 45.9890625, 'lon': 10.9274665}, {'lat': 45.989007, 'lon': 10.9275064}, {'lat': 45.9889215, 'lon': 10.9275962}, {'lat': 45.9888422, 'lon': 10.9276456}]",
beach_id_888714789,Unnamed,,,"{'minlat': 45.990123, 'minlon': 10.9271738, 'maxlat': 45.9919792, 'maxlon': 10.9279007}","[{'lat': 45.990123, 'lon': 10.9272861}, {'lat': 45.9901473, 'lon': 10.9273244}, {'lat': 45.9901641, 'lon': 10.9273687}, {'lat': 45.9901594, 'lon': 10.9273982}, {'lat': 45.9901482, 'lon': 10.9274102}, {'lat': 45.9901869, 'lon': 10.9273961}, {'lat': 45.9902158, 'lon': 10.9273827}, {'lat': 45.9902512, 'lon': 10.9273773}, {'lat': 45.9902875, 'lon': 10.9273666}, {'lat': 45.9903155, 'lon': 10.9273626}, {'lat': 45.9903584, 'lon': 10.9273626}, {'lat': 45.9904031, 'lon': 10.9273773}, {'lat': 45.9904385, 'lon': 10.9273988}, {'lat': 45.9904683, 'lon': 10.9274162}, {'lat': 45.9904916, 'lon': 10.927431}, {'lat': 45.9905773, 'lon': 10.9274283}, {'lat': 45.9906267, 'lon': 10.9274149}, {'lat': 45.9906761, 'lon': 10.9273961}, {'lat': 45.9907003, 'lon': 10.9273733}, {'lat': 45.9907273, 'lon': 10.9273505}, {'lat': 45.9907415, 'lon': 10.927332}, {'lat': 45.9907674, 'lon': 10.9272982}, {'lat': 45.9907954, 'lon': 10.9272647}, {'lat': 45.9908233, 'lon': 10.9272593}, {'lat': 45.9908829, 'lon': 10.9272553}, {'lat': 45.990991, 'lon': 10.9272727}, {'lat': 45.9910504, 'lon': 10.9273118}, {'lat': 45.9910663, 'lon': 10.927289}, {'lat': 45.9910989, 'lon': 10.9272783}, {'lat': 45.9911091, 'lon': 10.9272971}, {'lat': 45.991111, 'lon': 10.9273252}, {'lat': 45.9911457, 'lon': 10.9273156}, {'lat': 45.9911914, 'lon': 10.9273089}, {'lat': 45.9912868, 'lon': 10.9272996}, {'lat': 45.9913194, 'lon': 10.9273009}, {'lat': 45.9913679, 'lon': 10.9273022}, {'lat': 45.9914042, 'lon': 10.9273197}, {'lat': 45.9914471, 'lon': 10.9273358}, {'lat': 45.9914871, 'lon': 10.9273545}, {'lat': 45.991557, 'lon': 10.9274015}, {'lat': 45.9915906, 'lon': 10.9274296}, {'lat': 45.9916325, 'lon': 10.9274806}, {'lat': 45.9916877, 'lon': 10.9275371}, {'lat': 45.9917054, 'lon': 10.9275707}, {'lat': 45.9917166, 'lon': 10.9275827}, {'lat': 45.991746, 'lon': 10.9277088}, {'lat': 45.9917702, 'lon': 10.9277517}, {'lat': 45.9918168, 'lon': 10.9277958}, {'lat': 45.9918653, 'lon': 10.927828}, {'lat': 45.9919137, 'lon': 10.9278561}, {'lat': 45.9919792, 'lon': 10.9279007}, {'lat': 45.9919677, 'lon': 10.9278349}, {'lat': 45.9919193, 'lon': 10.9277946}, {'lat': 45.9918865, 'lon': 10.9277311}, {'lat': 45.9918708, 'lon': 10.9277008}, {'lat': 45.9918815, 'lon': 10.9276423}, {'lat': 45.9918716, 'lon': 10.9275075}, {'lat': 45.9918145, 'lon': 10.9275576}, {'lat': 45.9917854, 'lon': 10.9275217}, {'lat': 45.9916839, 'lon': 10.9274044}, {'lat': 45.9915828, 'lon': 10.9272879}, {'lat': 45.9914499, 'lon': 10.9272048}, {'lat': 45.991369, 'lon': 10.9272006}, {'lat': 45.9912475, 'lon': 10.9271979}, {'lat': 45.9912186, 'lon': 10.9271973}, {'lat': 45.9912093, 'lon': 10.9271971}, {'lat': 45.9910776, 'lon': 10.9271905}, {'lat': 45.9909158, 'lon': 10.9271738}, {'lat': 45.9907748, 'lon': 10.9271738}, {'lat': 45.9906847, 'lon': 10.9271938}, {'lat': 45.9906062, 'lon': 10.927227}, {'lat': 45.9904698, 'lon': 10.9273002}, {'lat': 45.9904005, 'lon': 10.9273035}, {'lat': 45.9902886, 'lon': 10.9273139}, {'lat': 45.9902587, 'lon': 10.9273324}, {'lat': 45.9902098, 'lon': 10.9273259}, {'lat': 45.9901725, 'lon': 10.9273088}, {'lat': 45.990123, 'lon': 10.9272861}]",
beach_id_954003850,Unnamed,,,"{'minlat': 46.0197078, 'minlon': 11.2701629, 'maxlat': 46.0198525, 'maxlon': 11.2702698}","[{'lat': 46.0198525, 'lon': 11.2702698}, {'lat': 46.0198352, 'lon': 11.2701705}, {'lat': 46.01977, 'lon': 11.2701629}, {'lat': 46.0197374, 'lon': 11.270163}, {'lat': 46.0197266, 'lon': 11.2701938}, {'lat': 46.0197078, 'lon': 11.2702473}, {'lat': 46.0197945, 'lon': 11.2702478}, {'lat': 46.0198525, 'lon': 11.2702698}]",
beach_id_954004247,Unnamed,,,"{'minlat': 46.0242698, 'minlon': 11.2675629, 'maxlat': 46.0243128, 'maxlon': 11.2676694}","[{'lat': 46.0242899, 'lon': 11.2675629}, {'lat': 46.0242698, 'lon': 11.2675933}, {'lat': 46.0242836, 'lon': 11.2676694}, {'lat': 46.0243128, 'lon': 11.2676636}, {'lat': 46.0242899, 'lon': 11.2675629}]",
beach_id_973324276,Unnamed,,,"{'minlat': 46.0559227, 'minlon': 10.9650148, 'maxlat': 46.0561186, 'maxlon': 10.9651924}","[{'lat': 46.0561107, 'lon': 10.9650148}, {'lat': 46.0561186, 'lon': 10.9651924}, {'lat': 46.0559227, 'lon': 10.9651916}, {'lat': 46.0559333, 'lon': 10.9651485}, {'lat': 46.0559814, 'lon': 10.9650917}, {'lat': 46.0560333, 'lon': 10.965069}, {'lat': 46.056068, 'lon': 10.9650501}, {'lat': 46.0561107, 'lon': 10.9650148}]",
beach_id_1198898017,Unnamed,,,"{'minlat': 46.2278224, 'minlon': 11.0860661, 'maxlat': 46.2280665, 'maxlon': 11.0870558}","[{'lat': 46.2280382, 'lon': 11.0861311}, {'lat': 46.2280165, 'lon': 11.0861007}, {'lat': 46.2280071, 'lon': 11.0860875}, {'lat': 46.2279755, 'lon': 11.0860661}, {'lat': 46.2279496, 'lon': 11.0860781}, {'lat': 46.2279171, 'lon': 11.086117}, {'lat': 46.227905, 'lon': 11.0861894}, {'lat': 46.2279013, 'lon': 11.0862089}, {'lat': 46.2278837, 'lon': 11.0862377}, {'lat': 46.2279301, 'lon': 11.0863584}, {'lat': 46.2279765, 'lon': 11.086514}, {'lat': 46.2279987, 'lon': 11.0866535}, {'lat': 46.2279709, 'lon': 11.0867795}, {'lat': 46.2279208, 'lon': 11.0868654}, {'lat': 46.2278484, 'lon': 11.0869271}, {'lat': 46.2278224, 'lon': 11.0869901}, {'lat': 46.2279115, 'lon': 11.0870397}, {'lat': 46.2279551, 'lon': 11.0870558}, {'lat': 46.2279746, 'lon': 11.0870042}, {'lat': 46.2279983, 'lon': 11.0869592}, {'lat': 46.2280145, 'lon': 11.0869257}, {'lat': 46.2280368, 'lon': 11.0868573}, {'lat': 46.2280567, 'lon': 11.0867373}, {'lat': 46.2280665, 'lon': 11.0865308}, {'lat': 46.2280433, 'lon': 11.0864141}, {'lat': 46.2280372, 'lon': 11.0862847}, {'lat': 46.2280474, 'lon': 11.0861861}, {'lat': 46.2280382, 'lon': 11.0861311}]",
beach_id_1225665701,Unnamed,,,"{'minlat': 46.0537139, 'minlon': 10.8148008, 'maxlat': 46.0558884, 'maxlon': 10.8161287}","[{'lat': 46.0558884, 'lon': 10.8155317}, {'lat': 46.0557167, 'lon': 10.815545}, {'lat': 46.0553747, 'lon': 10.8154188}, {'lat': 46.0550091, 'lon': 10.8153571}, {'lat': 46.0548086, 'lon': 10.8153135}, {'lat': 46.0546261, 'lon': 10.815351}, {'lat': 46.0542055, 'lon': 10.8152545}, {'lat': 46.0540175, 'lon': 10.8153457}, {'lat': 46.0539393, 'lon': 10.815005}, {'lat': 46.0538924, 'lon': 10.8148008}, {'lat': 46.0538834, 'lon': 10.8149171}, {'lat': 46.0538467, 'lon': 10.8150026}, {'lat': 46.0538621, 'lon': 10.8154424}, {'lat': 46.0538335, 'lon': 10.8155327}, {'lat': 46.0537385, 'lon': 10.8158388}, {'lat': 46.0537139, 'lon': 10.8160499}, {'lat': 46.0538742, 'lon': 10.8160214}, {'lat': 46.054038, 'lon': 10.8161287}, {'lat': 46.0543874, 'lon': 10.8159951}, {'lat': 46.0545589, 'lon': 10.8159574}, {'lat': 46.0546765, 'lon': 10.8160511}, {'lat': 46.0548296, 'lon': 10.8159407}, {'lat': 46.0552756, 'lon': 10.815763}, {'lat': 46.0554426, 'lon': 10.8157281}, {'lat': 46.0556617, 'lon': 10.8157012}, {'lat': 46.0557657, 'lon': 10.8156031}, {'lat': 46.0558884, 'lon': 10.8155317}]",
beach_id_1241761095,Unnamed,,,"{'minlat': 46.0004477, 'minlon': 10.9531277, 'maxlat': 46.0010384, 'maxlon': 10.9535845}","[{'lat': 46.0009922, 'lon': 10.9535845}, {'lat': 46.0010384, 'lon': 10.9534442}, {'lat': 46.0007515, 'lon': 10.9532109}, {'lat': 46.0005801, 'lon': 10.9531277}, {'lat': 46.0004832, 'lon': 10.9531304}, {'lat': 46.0004477, 'lon': 10.953256}, {'lat': 46.0009922, 'lon': 10.9535845}]",
