id,latitude,longitude,name,tourism_type,street,city,postcode,housenumber,cuisine,description,operator,website,phone,email
HnA_id_26859342,46.1663865,10.7498706,Camping Parco Adamello,camp_site,,,,,,,,https://campingparcoadamello.it,+393381919608,
HnA_id_26859590,46.111111,11.048056,Lamar,camp_site,Via Selva Faeda,,38070,15,,,,https://laghidilamar.com/,+39 0461 860423,campeggio@laghidilamar.com
HnA_id_26859712,45.7803581,10.9454085,Polsa,camp_site,,,,,,,,,,
HnA_id_270297544,46.2898551,11.4386015,,hotel,,,,,,,,,,
HnA_id_272337352,46.3518996,11.6311156,,caravan_site,,,,,,,,,,
HnA_id_274085436,46.09396,11.2339457,Albergo Comparsa,hotel,,,,,,,,,,
HnA_id_274085444,46.0958868,11.2346791,Belvedere,hotel,,,,,,,,,,
HnA_id_282776887,46.3246362,11.0195109,Agritur Leita,guest_house,Via S. Emerenziana,Tuenno,38019,70,,,,http://www.agriturismo-leita.it/,+39 0463 451372,giovanni.leita@virgilio.it
HnA_id_286290910,46.260541,11.5986885,Baita dell'Alpino,alpine_hut,,,,,,,private,,,
HnA_id_288480188,46.288656,11.4496879,Albergo Garnì Gocciadoro,guest_house,,,,,,,,,,
HnA_id_293127768,46.3361897,10.8924208,Hotel Monclassico,hotel,Via Nazionale,Monclassico,38020,582a,,,,https://www.hotelmonclassico.com/,(+39) 0463 970290,hotelmonclassicodimaro@gmail.com
HnA_id_299924943,46.119308,10.806969,Albergo Brenta,hotel,Val d'Algogne,Bleggio Inferiore,38071,,,,,https://www.albergobrenta.it,+393474449965,albergobrenta@hotmail.it
HnA_id_299927723,46.1158602,10.8085216,Rifugio Ghedina,alpine_hut,,,38070,,,,,https://www.trentinorifugi.com/index.php?bsclef=schede_rifugi&ex=html&viewnews=ok&ln=it&id=76&catid=6,+39 0465 321808,
HnA_id_303781634,46.3173264,11.5973669,Albergo Vinella,hotel,,,,,,,,,,
HnA_id_303826367,46.3117127,11.60182,Active Hotel Rosat,hotel,Via Garibaldi,Predazzo,38037,,,,,https://www.activehotelrosat.it/,+39 0462 501239,info@activehotelrosat.it
HnA_id_303828156,46.3092005,11.6021818,Sass Maor,hotel,,,,,,,,,,
HnA_id_303828160,46.3110803,11.6026669,Ancora,hotel,,,,,,,,,,
HnA_id_303832089,46.307129,11.6001663,Liz,hotel,,,,,,,,,,
HnA_id_303832099,46.3065591,11.598401,Majestic,hotel,,,,,,,,,,
HnA_id_304633078,46.2316634,10.8255392,Hotel La Montanara,hotel,,,,,,,,,,
HnA_id_305506280,46.4207905,11.6753206,Hotel Dolasilla,hotel,Strada Neva,Vigo di Fassa,38039,4,,,,https://hoteldolasilla.com,+39 0462 764159,info@hoteldolasilla.com
HnA_id_305506285,46.4188185,11.6748934,Hotel Cristallo,hotel,Strada Neva,Vigo di Fassa,38039,40,,,,,+39 0462 764041,
HnA_id_305506288,46.4195711,11.675226,Hotel Garni Enrosadira,hotel,Strada Neva,Vigo di Fassa,38039,28,,,,https://www.garnienrosadira.it/,+39 0462 764602,info@garnienrosadira.it
HnA_id_305506291,46.4192615,11.674348,Hotel Latemar,hotel,,,,,,,,,,
HnA_id_305506305,46.41842,11.6728619,Hotel Sole,hotel,Strada de Semal,Vigo di Fassa,38036,12,,,,http://www.hotel-sonne-sole.it/,+39 0462 764042,info@hotel-sonne-sole.it
HnA_id_305506966,46.419859,11.6726329,Hotel Rosa,hotel,Strada Rezia,Vigo di Fassa,38039,5,,,,http://www.hotelrosa.biz/it/,+39 0462 764486,info@hotelrosa.biz
HnA_id_312152850,45.8693712,10.8765605,Centrale,hotel,Piazza Goethe,,,14,,,,https://www.hotelcentraletorbole.it/,+39 0464 505234,
HnA_id_317054679,46.008633,11.3062959,Hotel Daniela,hotel,Viale Venezia,Levico Terme,38056,3,,,,,,
HnA_id_317522892,46.0073535,11.3063993,Albergo Villa Flora,hotel,,,,,,,,,,
HnA_id_317526677,45.9886994,11.3006401,Paoli Hotel - Antica Trattoria alla Vedova,hotel,,,,,,,,,,
HnA_id_322714918,46.3227143,10.8722156,Ai Bonetei,guest_house,,,,,,,,,,
HnA_id_333327990,46.0130251,11.2973785,Hotel Concordia,hotel,,,,,,,,,,
HnA_id_333786640,46.3015001,10.811099,TH Marilleva 1400,hotel,Via per Marilleva,Mezzana,38020,,,,,https://www.hotelmarilleva1400.it/,(+39) 0463796544,1400@th-resorts.com
HnA_id_333790689,46.3268441,10.8727065,Albergo Dimaro,hotel,Via Campiglio,Dimaro Folgarida,38025,78,,,,https://albergodimaro.it/,(+39) 0463 974375,info@dimarohotel.it
HnA_id_333791067,46.3255873,10.8746899,Garnì Val Meledrio,guest_house,,,,,,,,,,
HnA_id_333791378,46.2600801,10.8551274,Albergo Genzianella,hotel,,,,,,,,,,
HnA_id_333791571,46.2306064,10.8267493,Majestic Mountain,hotel,,,,,,,,,,
HnA_id_338894655,46.1977206,11.8648297,"Albergo ""Al Cacciatore""",hotel,,,,,,,,,,
HnA_id_344396150,46.0106528,11.2997356,Albergo Aurora,hotel,,,,,,,,,,
HnA_id_345701106,46.012125,11.2902546,Hotel Sport,hotel,,,,,,,,,,
HnA_id_354596380,46.0141956,11.2963314,Albergo Al Salus,hotel,,,,,,,,,,
HnA_id_354927596,46.0162459,11.2920666,Hotel Miralago,hotel,,,,,,,,,,
HnA_id_364822145,46.0711429,11.1241736,Hotel America,hotel,Via Torre Verde,Trento,38122,52,,,Hotel America Srl.,http://www.hotelamerica.it/,+39 0461 983010,info@hotelamerica.it
HnA_id_367891774,45.9676548,11.2269514,Albergo al Bosco,hotel,,,,,,,,,,
HnA_id_393363161,46.1764081,11.8366209,Castel Pietra,hotel,,,,,,,,,,
HnA_id_412369294,46.1337358,10.7589376,Hotel Rio,hotel,,,,,,,,,,
HnA_id_414978800,46.3432414,10.7019644,Hotel Chalet Genziana,hotel,Via al Sant,Celledizzo,38024,2,,,,https://chaletgenziana.it/,(+39) 0463.746050,info@chaletgenziana.it
HnA_id_414988153,46.3513728,10.6942137,Hotel Cevedale,hotel,Via Roma,Cogolo,38024,33,,,,https://www.hotelcevedale.it,(+39) 0463 754067,info@hotelcevedale.it
HnA_id_414997614,46.3545353,10.6899611,Hotel Ortles,hotel,Via Giovanni Casarotti,Cogolo,38024,66,,,,https://www.hotelortles.it/,(+39) 0463 754073,info@hotelortles.it
HnA_id_414997615,46.355823,10.6898114,Hotel Gran Zebrù,hotel,Via Giovanni Casarotti,Cogolo,38024,92,,,,https://www.hotelgranzebru.com/it,(+39) 0463754433,INFO@HOTELGRANZEBRU.COM
HnA_id_414997616,46.3557804,10.6908833,Kristiania Leading Nature & Wellness Resort,hotel,Via di Sant'Antonio,Cogolo,38024,18,,,,https://www.hotelkristiania.it/,(+39) 0463 754157,info@hotelkristiania.it
HnA_id_415504648,46.3263804,10.8692858,Albergo Serena,hotel,Via Gole,Dimaro,38025,90,,,,https://serena-hotel.com/,(+39) 0463 974974,info@serena-hotel.com
HnA_id_417322481,46.0734662,11.3881872,Rifugio Serot,alpine_hut,,,,,,,,https://www.rifugioserot.eu/,+39 0461 764690,info@rifugioserot.eu
HnA_id_417327450,46.0645666,11.0952081,Agritur Depedri,hostel,Via alla Ca,,,71,,,,http://www.viaggioin.com/agriturismo-agritur-depedri-luciano-trento-289355,+39 0461 235438,
HnA_id_417903388,46.0124489,11.3000724,Albergo Lucia,hotel,,,,,,,,,,
HnA_id_426311727,46.141932,10.9643749,Belvedere,hotel,Via Nazionale,Molveno,38018,9,,,,http://www.belvedereonline.com/,+39 0461 586933,info@belvedereonline.com
HnA_id_426311728,46.1428396,10.9610717,Olympia,hotel,Via Dolomiti,Molveno,38018,1,,,,http://www.olympiamolveno.it/,+39 0461 586961,info@olympiamolveno.it
HnA_id_427547574,46.1419977,10.9631127,Europa,hotel,Via Nazionale,Molveno,38018,13,,,,http://www.europamolveno.it/,+39 0461 586937,hotel@europamolveno.it
HnA_id_427547578,46.14127,10.9635213,Lido,hotel,Via Lungolago,Molveno,38018,10,,,,http://www.hotel-lido.it/,+39 0461 586932,info@hotel-lido.it
HnA_id_447910526,46.2159242,11.1943338,Rifugio Sauch,alpine_hut,Località Sauch,Giovo,38030,,,,,,+39 0461 683768,rifugiosauch@hotmail.it
HnA_id_448098224,46.486347,11.800285,Hotel Pordoi,hotel,,,,,,,,http://www.hotelpordoi.eu/,,
HnA_id_455703644,46.1706042,10.931698,Rifugio Croz dell'Altissimo,alpine_hut,,,38018,,,,,https://www.rifugiocrozaltissimo.it/,"+39 339 7982922, +39 347 1184459",info@rifugiocrozaltissimo.it
HnA_id_457135946,45.7346986,10.9418634,Albergo Vignola,guest_house,,,,,,,,,,
HnA_id_459656401,46.1446324,10.9672354,Florida,hotel,Via Belvedere,Molveno,38018,25,,,,http://www.hotel-florida.it,+39 0461 586905,info@hotel-florida.it
HnA_id_459656414,46.1441867,10.9683936,Aurora,hotel,Via Belvedere,Molveno,38018,8,,,,http://www.hotelauroramolveno.com/,+39 0461 586946,aurora.molveno@virgilio.it
HnA_id_459656417,46.1443515,10.9668565,Lory,hotel,Via Belvedere,Molveno,38018,15,,,,http://www.dolomieten-hotel.com/,+39 0461 586906,info@hotellory.com
HnA_id_459656422,46.1401359,10.9610822,Alle Dolomiti,hotel,Via Lungolago,Molveno,38018,18,,,,https://www.alledolomiti.com/,+39 0461 586057,info@alledolomiti.com
HnA_id_459656423,46.1390903,10.9601139,Bellariva,hotel,Via Lungolago,Molveno,38018,25,,,,http://www.bellariva.com/,+39 0461 586338,info@gardenhotelbellariva.com
HnA_id_461967770,46.3377661,10.8926709,Ariston,hotel,Via di Novalina,Monclassico,38020,106,,,,https://www.hotelaristonvaldisole.com/,(+39) 0463 974967,info@hotelaristonvaldisole.com
HnA_id_462264536,46.1842756,11.0289181,Albergo Slosser,hotel,,,,,,,,,,
HnA_id_462264537,46.1847406,11.0303158,Albergo Aurora,hotel,Via della Viola,Cavedago,38010,6,,,,,,
HnA_id_462264539,46.1855504,11.0331585,Hotel Olisamir,hotel,,,,,,,,,,
HnA_id_482014014,46.1123842,11.2342721,Scoiattolo,hotel,,,,,,,,,,
HnA_id_497093888,46.0395932,11.2347482,Hotel Bar Rubino,hotel,,,,,,,,,,
HnA_id_497093922,46.0394621,11.2350158,Albergo San Cristoforo,hotel,,,,,,,,,,
HnA_id_497239623,46.0046508,11.2465751,Micamada,hotel,,,,,,,,,,
HnA_id_511138884,45.8845039,10.8386117,Hotel Europa,hotel,,,,,,,,,,
HnA_id_511138885,45.8847606,10.8387888,Hotel Portici,hotel,,,,,,,,,,
HnA_id_511198005,45.9174613,10.8328756,Hotel ristorante Antica Croce,hotel,Via dei Laghi,Tenno,38060,1,,,,https://gardaslowemotion.it/it/,+39 0464 500620,info@gardaslowemotion.it
HnA_id_515904641,46.1972252,11.2055716,Rifugio Lago Santo,hostel,Località Lago Santo,,38034,1,,,,https://www.rifugiolagosanto.it/,+39 0461 528223,
HnA_id_520622911,46.1716738,11.2200111,Europa,hotel,,,,,,,,,,
HnA_id_528256120,46.1703012,11.2148258,Agritur Maso Val Fraja,guest_house,,,,,,,,http://www.masovalfraia.it/,,
HnA_id_536471643,46.3327519,11.0527049,Agritur Renetta,guest_house,,,,,,,,,,
HnA_id_554849478,46.1612616,10.9262935,Rifugio Selvata,alpine_hut,,,,,,,,http://www.rifugioselvata.it/,"+39 0461 1862900, +39 340 8231972",ddale@hotmail.it
HnA_id_556932213,46.0619672,11.1515728,Cantina Ester,guest_house,,,,,,,,,,
HnA_id_557169206,46.0686822,11.1202489,Accademia,hotel,Vicolo Colico,Trento,38122,4,,,,,,
HnA_id_562715340,46.1385343,11.1139574,Pizzeria Corona,hotel,Piazza Manci,Lavis,38015,2,pizza;regional,,,,,
HnA_id_563398204,46.0677859,11.1212687,Albergo Venezia,hotel,,,,,,,,,,
HnA_id_563398648,46.067946,11.1212548,Albergo Venezia,hotel,,,,,,,,,,
HnA_id_568433876,46.0115946,11.3146289,Hotel Bellaria,hotel,,,,,,,,,,
HnA_id_568486143,46.0211998,10.9426516,B&B Giuly,guest_house,,,,,,,,,,
HnA_id_570685008,46.0600275,11.2370154,Turismo,hotel,,,,,,,,,,
HnA_id_570699486,46.0396592,11.2422786,Meridiana,hotel,,,,,,,,,,
HnA_id_587759192,46.1084141,11.302608,Albergo Centrale,hotel,,,,,,,,,,
HnA_id_604974291,46.2163118,11.6233505,Rifugio Refavaie,guest_house,,,,,,,,https://www.rifugiorefavaie.com/,,
HnA_id_614841348,46.3539348,10.9140737,Henriette,hotel,Via Trento,Malé,38027,36,,,,https://www.hotelhenriette.it/,(+39) 0463 902110,info@hotelhenriette.it
HnA_id_616524564,46.3994983,10.8482671,Hotel Miramonti,hotel,,,,,,,,,,
HnA_id_616524592,46.3734834,10.8783777,Residence Bonetti,chalet,,,,,,,,,,
HnA_id_616524645,46.3610255,10.9285375,Pippo Hotel,hotel,Via Don Pietro Silvestri,Terzolas,38027,32,,,,https://www.pippohotel.it/,+39 0463 901207,
HnA_id_616524688,46.4084443,10.797753,Al Molin,hotel,,,,,regional,,,https://www.almolin.it/,,
HnA_id_616524760,46.4078861,10.8109015,Albergo Posta,hotel,,,,,,,,,,
HnA_id_633009190,45.8859325,10.842617,Ostello Benacus,hostel,Piazza Cavour,Riva del Garda,38066,10,,,,https://www.ostelloriva.com/,+39 0464 554911,info@ostelloriva.com
HnA_id_648461730,46.3000336,10.8643738,Hotel Fantelli,hotel,,,,,,,,,,
HnA_id_648490538,46.3003628,10.8638219,Hotel Alaska,hotel,,,,,,,,,,
HnA_id_653366711,46.177539,11.1673988,Hotel Fior di Bosco,hotel,Masen,,38030,,,,,http://www.hotelfiordibosco.it,+39 0461 695008,
HnA_id_673194565,46.0469105,11.4115734,Agriturismo Montibeller,hotel,,,,,,,,http://www.agriturmontibeller.it/,,
HnA_id_697859347,46.2014537,11.7928516,Rifugio Miralago,alpine_hut,Lago di Calaita,,,,,,Stefenon Iginio & C. s.n.c.,www.miralagocalaita.it,+39 0439 719395,
HnA_id_715778006,46.2179527,11.8769754,Albergo La Ritonda,hotel,,,,,,,,,,
HnA_id_715778013,46.2171599,11.8783206,Albergo Cant del Gal,hotel,,,,,,"extra: Birra Dolomiti (blond, red, unfiltered)",,,,
HnA_id_722215937,46.2963776,11.7819806,Hotel Venezia,hotel,,,,,,,,,,
HnA_id_722738557,46.2613758,11.7608256,Malga Valcigolera,alpine_hut,,,,,,,,,,
HnA_id_729605637,45.9336265,11.0946354,Villaggio Hotel Aquila,hotel,Via 3 Novembre,Calliano,38060,11,,,,,+39 0464 83 41 10,
HnA_id_738406332,45.9212124,10.8920781,Guesthouse I,chalet,,,,,,,,https://www.guesthouse-arco.com/de_gh1.php,,
HnA_id_739660877,46.1514584,11.8596467,Rifugio Caltena,alpine_hut,,,,,,,,,,
HnA_id_748785558,45.8171784,10.9548487,Hotel Zeni,hotel,Via Roma,Brentonico,,16,,,,,,
HnA_id_758777273,46.2643339,11.8014593,Hotel Belvedere,hotel,,,,,,,,,,
HnA_id_758777596,46.2618907,11.8023262,Hotel Dolomiti,hotel,,,,,,,,,,
HnA_id_758777631,46.2636635,11.8011693,,hotel,,,,,,,,,,
HnA_id_758777694,46.2635277,11.803156,Hotel Des Alpes,hotel,,,,,,,,,,
HnA_id_758778016,46.2619963,11.8015574,Hotel Cima Rosetta,hotel,,,,,,,,,,
HnA_id_758778165,46.2605604,11.8037257,,hotel,,,,,,,,,,
HnA_id_758778261,46.2610836,11.800074,,hotel,,,,,,,,,,
HnA_id_758778410,46.2662172,11.8025744,,hotel,,,,,,,,,,
HnA_id_766502251,45.9437439,11.2483994,Hotel Monte Rust,hotel,,,,,,,,,,
HnA_id_778958662,46.0138343,11.3015021,Hotel Aaritz,hotel,,,,,,,,,,
HnA_id_778961197,46.0137916,11.3026609,Albergo Acler,hotel,,,,,,,,,,
HnA_id_799244023,46.0113165,11.3005891,Hotel Romanda,hotel,,,,,,,,,,
HnA_id_799244067,46.0143514,11.3017351,Albergo Claudia,hotel,,,,,,,,,,
HnA_id_799244207,46.0112845,11.3000651,Hotel Antica Rosa,hotel,,,,,,,,,,
HnA_id_799244470,46.0137503,11.3021479,Albergo Sandro,hotel,,,,,,,,,,
HnA_id_799244877,46.0143148,11.3024259,Hotel Cristallo,hotel,,,,,,,,,,
HnA_id_802567867,46.2796541,11.6484818,Agritur Malga Valmaggiore,alpine_hut,,,,,alpine_hut,,,,,
HnA_id_803490568,45.8861891,10.8407161,Ancora,hotel,,,,,,,,,,
HnA_id_812369976,45.8835673,10.8577,Villa Rina,guest_house,Via Belluno,Riva del Garda,38066,13,,,,,,
HnA_id_815521332,46.2302361,10.8267762,Hotel St. Hubertus,hotel,,,,,,,,,,
HnA_id_822669028,46.1412572,10.9667355,Du Lac,hotel,Via Nazionale,Molveno,38018,4,,,,http://www.hoteldulac.it/,+39 0461 586965,info@hoteldulac.it
HnA_id_822669069,46.3505058,11.0886217,Hotel Miraval,hotel,Via G. Marconi,Coredo,38012,12,,,,https://www.miravalhotel.it,+39 0463 536 141,info@miravalhotel.it
HnA_id_846645382,46.3951901,11.1473119,Stella Alpina,guest_house,,,,,,,,,,
HnA_id_859538663,45.9406609,11.2516443,Astoria,hotel,Via Trento,,,,,,,,,
HnA_id_859538664,45.9408372,11.2509037,Bertoldi,hotel,,,,,,,,,,
HnA_id_859538671,45.9417205,11.2521997,Da Villa,hotel,,,,,,,,,,
HnA_id_859538674,45.9420573,11.2517639,Villa Maria,hotel,,,,,,,,,,
HnA_id_859538685,45.9415561,11.251368,Esperia,hotel,,,,,,,,,,
HnA_id_861289099,45.8694857,10.8753011,Stella,hotel,Via Strada Granda,,,104,,,,http://villastella.it/,+39 0464 505354,info@villastella.it
HnA_id_861289107,46.0730669,11.1038947,Garni San Giorgio della scala,hotel,Via Brescia,,,133,,,,https://www.garnisangiorgio.it/,+39 0461 238848,
HnA_id_870414524,46.2648324,11.8022402,Paladin,hotel,,,,,,,,,,
HnA_id_874276711,46.0680641,11.1214788,B&B Al Duomo di Trento,guest_house,Via Rodolfo Belenzani,Trento,38122,47,,,,http://www.bedalduomoditrento.it/,,info@bedalduomoditrento.it
HnA_id_890154413,46.3339781,10.8877193,Holiday,hotel,,,,,,,,,,
HnA_id_902467847,45.9152056,10.904247,Agritur Michelotti,guest_house,,,,,,,,https://www.agriturmichelotti.it/default.htm,+39 0464 516272,info@agriturmichelotti.it
HnA_id_902470913,45.9149523,10.9047411,GardaStivo,guest_house,Via Soccesure,Bolognano,38062,1,,,,https://www.appartamentigardastivo.com/,,info@appartamentigardastivo.com
HnA_id_913944508,45.8916331,10.6020197,Albergo Condino,hotel,,,,,,,,,,
HnA_id_915835764,45.8819094,10.8585565,Ambassador Suite Hotel,hotel,,,,,,,,,,
HnA_id_918164445,46.1947677,11.6800833,Highlander Pub,guest_house,,,,,,,,,,
HnA_id_918935666,46.1678509,11.1140406,Camping Moser,camp_site,,,,,,,,,,
HnA_id_918957461,46.1649408,11.112481,Hotel Ristorante Alla Nave,hotel,Via Nazionale,Nave San Felice,38015,29,regional;pizza,,Famiglia Battisti,http://www.hotelallanave.it/,+39 0461 870111,info@hotelallanave.it
HnA_id_926736174,45.8849541,10.8397732,Hotel Centrale,hotel,Piazza Tre Novembre,Riva del Garda,,27,italian,,,,+39 0464 552344,
HnA_id_928985740,46.3773821,11.6627036,Catinaccio,hotel,,,,,,,,,,
HnA_id_931628346,46.174765,11.2229447,Hotel al Caminetto,hotel,,,,,,,,,,
HnA_id_938775603,45.875178,10.8726262,Mecki's apartments,guest_house,Via Giacomo Matteotti,Nago-Torbole,38069,114,,,,https://www.meckiapartments.it/,,info@meckisapartments.it
HnA_id_943372584,46.3651535,11.0354898,Hotel Cles,hotel,Piazza Navarrino,Cles,38023,7,,,,http://www.hotelcles.com/,+39 0463 421300,info@albergocles.com
HnA_id_944507665,46.2532203,11.8005878,,caravan_site,,,,,,,,,,
HnA_id_946493040,46.1342502,11.2485664,Hotel Krone,hotel,,,,,,,,,,
HnA_id_949638303,46.3921636,11.666542,Hotel Al Lago,hotel,Strada de Pont,Soraga di Fassa,38030,4,,,,https://www.hotelallago.it/,+39 0462 768127,info@hotelallago.it
HnA_id_949638307,46.3922536,11.6669736,de Fronz,hotel,Strada de Pont,Soraga di Fassa,38030,35,,,,https://www.hoteldefronz.it/,+39 0462 768222,info@hoteldefronz.it
HnA_id_955304894,46.0147921,11.1326205,Best Western Hotel Adige,hotel,Via Pomeranos,Mattarello,38123,10,,,,https://www.adigehotel.it/,+39 0461 944545,adige.tn@bestwestern.it
HnA_id_961476822,45.9060089,10.7278624,Ca' ai Volt,chalet,Via Ventisette Agosto,Ledro,38067,6,,,,https://www.valleledro.it/,,
HnA_id_963166943,46.0134537,11.2975927,Hotel Villa Regina,hotel,Viale Vittorio Emanuele,Levico Terme,38056,8,,,,,,
HnA_id_984409839,45.8656825,10.9618948,La Cort de Nona Rosa,guest_house,Via dei Mille,Nomesino,38065,8,,,,,+39 0464 917284,
HnA_id_1024986466,46.0578113,10.7510743,Albergo alle Alpi,hotel,Via Papa Giovanni Ventitreesimo,Tre Ville,38070,19,italian,,Roncaia di Paolo Simoni & C. snc,,+390465321289,albergoallealpi@alice.it
HnA_id_1097053451,46.2611971,10.5869187,Resident Top,hotel,,,,,,,,,,
HnA_id_1098424461,46.353426,10.9139433,Hotel Sole,hotel,Via Guglielmo Marconi,Malé,38027,3,,,,http://www.trentinohotelsole.it,(+39) 0463 902936,info@trentinohotelsole.it
HnA_id_1100148745,46.2693771,11.0344652,Casa delle fate,guest_house,Via Castel La Santa,Termon,38010,4,,,,,,
HnA_id_1100566731,46.3074896,10.7381994,Il Maniero,hotel,,,,,,,,https://www.ilmanierovaldisole.it/,,
HnA_id_1101757998,46.1081538,11.3021408,Albergo Alpino,hotel,,,,,,,,,,
HnA_id_1103110831,46.2576619,11.0355935,Albergo Pezzi,hotel,,,,,,,,,,
HnA_id_1103418477,46.1298143,11.354238,Rosa Alpina,hotel,,,,,,,,,,
HnA_id_1103418478,46.1172063,11.3632082,Malga Pletzn,guest_house,,,,,,,,,,
HnA_id_1127046857,46.1332471,10.9684542,Grand Hotel Molveno,hotel,Via Bettega,Molveno,38018,18,,,,http://www.grandhotelmolveno.it/,+39 0461 586934,info@grandhotelmolveno.it
HnA_id_1154395699,45.9085567,11.0405065,Sant'Ilario,hotel,,,,,,,,,,
HnA_id_1170533285,46.2150173,11.1196054,Hotel Caffè Centrale,hotel,,,,,,,,,,
HnA_id_1211111977,46.4175633,11.6768388,Majon Ladina,chalet,,,,,,,,http://www.majonladina.com,,
HnA_id_1211135256,46.418061,11.6774373,Hotel Al Piccolo,hotel,Strada Neva,Vigo di Fassa,38039,70,,,,https://www.alpiccolohotel.it/,,info@alpiccolohotel.it
HnA_id_1212500269,46.3849889,11.7980503,Chalet Cima Uomo,alpine_hut,,,,,,,,,,
HnA_id_1228854091,46.4282491,11.6842344,Garni Roseal,hotel,Strada Dolomites,Pozza di Fassa,38036,62,,,,,,
HnA_id_1239897188,46.2618423,11.3366588,Hotel Dolomiti,hotel,,,,,,,,,,
HnA_id_1257220965,46.2929852,11.4562709,Albergo Ristorante Stella,hotel,,,,,,,,,,
HnA_id_1257221199,46.2925262,11.4587886,Hotel La Stua,hotel,Via Balderoni,,,2,italian,,,,+39 0462 340235,info@hotellastua.com
HnA_id_1286788720,46.2916887,11.4587684,Hotel Orso Grigio,hotel,,,,,,,,,,
HnA_id_1346728768,46.1679395,11.1145988,Hotel Moser,hotel,,,,,,,,,,
HnA_id_1358197806,45.8796684,10.8556627,Hotel Oasi,hotel,,,,,,,,,,
HnA_id_1358301426,45.9610089,11.2971803,Albergo Monterovere,hotel,,,,,,,,,,
HnA_id_1361631209,46.1832514,11.9462178,"Rifugio Forestale ""Val delle Moneghe""",alpine_hut,,,,,,,,,,
HnA_id_1365209549,45.9612515,11.3178504,Malga Palu',chalet,,,,,,,,,,
HnA_id_1366770314,45.9185691,10.8869032,Hotel Al Sole,hotel,,,,,,,,,,
HnA_id_1408150276,45.9128573,10.6197057,Hotel Aurora,hotel,,,,,,,,,,
HnA_id_1411029986,46.2513352,11.1412315,Malga Kraun,alpine_hut,,,,,,,,http://www.rifugiomalgakraun.it/,+39 335 8173485,info@rifugiomalgakraun.it
HnA_id_1431628396,45.919773,10.8838955,Pace 1954 Hotel,hotel,Via Vergolano,Arco,38062,42,,,,https://www.hotelpace.net/,+39 0464 516398,info@pace1954hotel.com
HnA_id_1438388423,46.3271463,11.0217936,Garni Castel Ferari,guest_house,Via Moscovia,Tuenno,38019,6,,,,http://www.garnicastelferari.it,+39 0463 451770,garnicastelferari@virgilio.it
HnA_id_1445808056,45.920606,10.870634,Appartamenti Da Gianni,guest_house,,,,,,,,,,
HnA_id_1468556028,46.3196963,11.5027282,"B&B ""Le Càore""",guest_house,,,,,,,,,,
HnA_id_1488473482,46.243131,11.0635679,Pra da Lares,guest_house,Via Santa Margherita,Ton,38010,10b,,,,http://www.pradalares.com/,+39 335 1732948,info@pradalares.com
HnA_id_1488553668,45.8835749,10.8526131,Villa Aranci,hotel,,,,25,,,,https://www.villaaranci.it/,+39 0464 552715,
HnA_id_1489684356,46.0810479,11.0434159,Hotel San Leonardo,hotel,,,,,,,,,,
HnA_id_1511955506,46.1439992,10.9653965,Garnì Villanova,hotel,Via Giuseppe Garibaldi,Molveno,38018,19,,,,http://www.hotelvillanova.it/,+39 0461 586347,info@hotelvillanova.it
HnA_id_1512648044,46.1424337,10.9644701,Alexander,hotel,Piazza Scuole,Molveno,38018,7,,,,http://www.alexandermolveno.com/,+39 0461 586928,info@alexandermolveno.com
HnA_id_1512648049,46.1424132,10.9650224,Miralago,hotel,Piazza Scuole,Molveno,38018,3,,,,http://www.miralagohotel.com/,+39 0461 586935,info@miralagohotel.com
HnA_id_1514593518,46.0665206,11.1203804,B&B Margot,hotel,Via Andrea Maffei,Trento,38122,1,,,B&B Margot,http://www.bbmargot.com/,+39 373 7738322,info@bbmargot.com
HnA_id_1523178002,46.1423626,10.9626826,Alpotel Venezia,hotel,Via Nazionale,Molveno,38018,10,,,,http://www.alpotel.it/,+39 0461 586920,info@alpotel.it
HnA_id_1523178007,46.1428617,10.9629097,Panorama,hotel,Via Nazionale,Molveno,38018,45,,,,http://www.panoramamolveno.com/,+39 0461 586929,info@panoramamolveno.com
HnA_id_1523289656,46.1406606,10.9657571,Des Alpes,hotel,Via Nazionale,Molveno,38018,7,,,,http://www.desalpes.it/,+39 0461 586983,info@desalpes.it
HnA_id_1523289658,46.1426898,10.9620986,Excelsior,hotel,Via Nazionale,Molveno,38018,41,,,,http://www.molveno-excelsior.it/,+39 0461 586921,info@molveno-excelsior.it
HnA_id_1523289660,46.140352,10.9704487,Fontanella,hotel,Via Bettega,Molveno,38018,3,,,,http://www.hfontanella.it/,+39 0461 586955,hfontanella@tin.it
HnA_id_1523289669,46.136831,10.9697346,Lago Park Hotel,hotel,Via Bettega,Molveno,38018,12,,,,https://www.dolomitiparkhotelmolveno.it/home.html,+39 0461 586030,info@dolomitiparkhotelmolveno.it
HnA_id_1523289680,46.1437835,10.9677169,Londra,hotel,Via Nazionale,Molveno,38018,34,,,,http://www.londramolveno.it/,+39 0461 586943,hotel@londramolveno.it
HnA_id_1523289682,46.1419275,10.9620962,Miramonti,hotel,,,,,,,,,,
HnA_id_1523289684,46.1419526,10.9624577,Negritella,hotel,Via Nazionale,Molveno,38018,15,,,,http://www.hotelnegritella.com/,+39 0461 586942,info@hotelnegritella.com
HnA_id_1523289687,46.1424345,10.9615645,Residence Villa Erica,hotel,Via Nazionale,Molveno,38018,15a,,,,http://www.residencevillaerica.it/,+39 0461 586941,
HnA_id_1524975590,46.141802,10.9670536,Ariston,hotel,Via Lungolago,Molveno,38018,3,,,,http://www.aristonmolveno.it/,+39 0461 586907,hotel@aristonmolveno.it
HnA_id_1524975604,46.1403143,10.9651288,Gloria,hotel,Via Lungolago,Molveno,38018,15,,,,http://www.gloriahotel.it/,+39 0461 586962,hotelgloria@tin.it
HnA_id_1524975607,46.1407422,10.9648108,Italia,hotel,Via Lungolago,Molveno,38018,9,,,,http://www.albergoitaliamolveno.it/,+39 0461 586915,info@albergoitaliamolveno.it
HnA_id_1524975629,46.1437821,10.9667428,Paganella,hotel,Via Giuseppe Garibaldi,Molveno,38018,60,,,,http://www.paganellamolveno.it/,+39 0461 586925,info@paganellamolveno.it
HnA_id_1524975635,46.1428229,10.9637481,Stella Alpina,hotel,Via Cesare Battisti,Molveno,38018,6,,,,http://www.hotelstellaalpina.com/,+39 0461 586918,info@hotelstellaalpina.com
HnA_id_1525276870,46.1425781,10.9662974,Lasteri,hotel,,,,,,,,,,
HnA_id_1525370710,46.1425832,10.9679104,Nevada,hotel,Via Paganella,Molveno,38018,23,,,,http://www.hotelnevada.it/,+39 0461 586970,info@hotelnevada.it
HnA_id_1525370739,46.1416881,10.963581,Residence San Carlo,hotel,Via Lungolago,Molveno,38018,2,,,,http://www.residencesancarlo.com/,+39 0461 586264,info@residencesancarlo.com
HnA_id_1525370743,46.141516,10.9630606,Residence Stefanine,hotel,Via Lungolago,Molveno,38018,2,,,,http://www.residencestefenine.it/,+39 0461 586363,info@hoteldulac.it
HnA_id_1538545372,46.2618564,11.7988789,Miramonti,hotel,,,,2,,,,,+39 0439 68069,
HnA_id_1562367122,45.8307758,10.5396741,,hotel,,,,,,,,,,
HnA_id_1563100687,46.178696,11.8327374,Hotel Tressane,hotel,,,,,,,,https://www.hoteltressane.it/,+39 0439 762205,
HnA_id_1565064745,46.2591205,11.0839194,da Nonna Tullia,guest_house,Località Bastianelli,Ton,38010,11,,,,https://www.airbnb.it/rooms/43625954,,
HnA_id_1584063977,46.3952935,11.6676968,Avisio,hotel,Stradon de Fascia,Soraga di Fassa,38030,8,,,Hotel Avisio SRL,https://www.hotelavisio.it/,+39 462 768130,info@hotelavisio.it
HnA_id_1584063978,46.3945467,11.6669935,Garni Eden,hotel,,,,,,,,,,
HnA_id_1585221225,46.3957336,11.6659649,Hotel Heidi,hotel,,,,,,,,,,
HnA_id_1605643365,46.1303376,11.2038207,Mosegot,guest_house,,,,,,,,,,
HnA_id_1616820018,46.2489235,11.1754138,B&B alla Luna,guest_house,Via Quattro Novembre,Roveré della Luna,38030,27,,,,http://www.bb-allaluna.it/,,http://www.bb-allaluna.it/prezzi_10.html#
HnA_id_1618076271,46.0718552,11.124281,Palazzo Lachman,hotel,Piazza Silvio Pellico,Trento,38122,12,,,,https://www.palazzolachman.it/,+39 3924814762,
HnA_id_1658067395,46.0939112,11.2923563,B&B La Marianna,guest_house,,,,,,,,,,
HnA_id_1659352330,45.9357825,11.0945675,Bed & Breakfast Salizzoni,guest_house,,,,,,,,https://www.salizzoni.info/it/l-agriturismo.html,,
HnA_id_1660548559,46.3913292,11.6644196,Val di Fassa,hotel,Strada de Palua,Soraga di Fassa,38030,6,,,,http://www.albergovaldifassa.com/,+39 0462 768111,info@albergovaldifassa.com
HnA_id_1660548582,46.3910011,11.6703351,Ombretta,hotel,,,,,,,,,,
HnA_id_1660548635,46.3991812,11.6668191,Hotel Arnica,hotel,Strada de Parlaut,Soraga di Fassa,38030,4,,,,https://www.hotelarnica.net/,+39 0462 768415,info@hotelarnica.net
HnA_id_1660548640,46.388444,11.664345,Hotel Latemar,hotel,Strada de Palua,Soraga di Fassa,38030,5,,,,https://www.latemarhotel.com/,+39 0462 768103,info@latemarhotel.com
HnA_id_1660548659,46.3878019,11.6631745,Garnì Aurora,hotel,,,,,,,,,,
HnA_id_1660548660,46.3973382,11.6675003,Hotel Malder,hotel,Strada Don Sepon,Soraga di Fassa,38030,28,,,,https://www.hotelmalder.com/,+39 0462 768121,info@hotelmalder.com
HnA_id_1697693183,46.1954282,11.1664322,Maso Nello,guest_house,Via Pineta Localita' Maso Nello,,,3,,,,,,
HnA_id_1727066061,45.8689232,10.8767851,Lago di Garda,hotel,Via Lungolago Conca d'Oro,,,11,,,,https://www.hotellagodigarda.it/,+39 0464 505111,info@hotellagodigarda.it
HnA_id_1756261212,46.2592917,11.0841495,Edera,guest_house,Località Bastianelli,Ton,38010,15,,,,http://www.edera-rita.it/,,edera.rita@gmail.com
HnA_id_1800668282,46.2172487,11.1183601,Pedelmont,guest_house,Via alla Grotta,Mezzocorona,38016,29,,,,http://www.pedelmont.it/,+39 0461 605352,cendou@tiscali.it
HnA_id_1801538113,46.2104526,11.0979168,Corte delle Rondini,guest_house,Via Carlo Devigili,Mezzolombardo,38017,29,,,Bebber Fabio,,+39 0461 604426,cortedellerondini@yahoo.it
HnA_id_1836979545,46.4245333,11.6366551,Malga Vael,alpine_hut,,,,,,,,,,
HnA_id_1839797802,46.1917371,11.9421737,Hotel Chalet Giasenei,hotel,,,,,,,,https://www.chaletgiasenei.com/,,
HnA_id_1843995236,46.0174524,10.8196861,"Albergo Bar ""La Rosa""",hotel,,,,,,,,,,
HnA_id_1857232883,46.2166169,11.093233,Albergo AL SOle art&comfort,hotel,,,,,,,,,,
HnA_id_1864328365,45.9581958,11.3688467,Malga Costa di sotto,chalet,,,,,,,,,,
HnA_id_1884458666,46.3769535,11.6595125,Hotel Garnì Aurora,hotel,,,,,,,,,+39 0462 573116,
HnA_id_1890687017,46.1786202,11.8215984,,chalet,,,,,,,,,,
HnA_id_1904668695,45.8859638,10.8401286,Antico Borgo,hotel,,,,,,,,,,
HnA_id_1904668700,45.8860274,10.8412657,Alle Porte,hotel,,,,,,,,,,
HnA_id_1952320234,46.1932879,11.9050989,Rifugio Cereda,hotel,,,,,,,,,,
HnA_id_2063469836,46.1693017,10.7635334,Hotel Denny e Residence,hotel,,,,,,,,,,
HnA_id_2078208282,45.8236297,10.9606639,B&B Pizzeria La Pineta,guest_house,,Brentonico,38060,,italian,,,https://www.pizzeriapineta.it/index.html,+39 0464 395296,info@pizzeriapineta.it
HnA_id_2079120735,46.1721967,11.1286295,La Lanterna,guest_house,Località Masi di Sorni,Lavis,38015,13,,,Giovannini Alberto,,+39 0461 870003,
HnA_id_2096838559,46.2131685,11.1213804,Agritur Sole Blu,guest_house,Corso Quattro Novembre,Mezzocorona,38016,32,,,Dalpiaz Enrico,http://www.agritursoleblu.com/,+39 0461 605242,dalen60@gmail.com
HnA_id_2109823205,46.3697118,11.7301697,Bucaneve,hotel,,,,,,,,,,
HnA_id_2112487056,45.8785458,10.8611984,Hotel Benacus,hotel,Via Monte Brione,,38066,19,,,,,+39 464 552737,
HnA_id_2119128369,46.004392,11.1322403,La decima,guest_house,Via della Decima,Mattarello,38123,26,,,,,,
HnA_id_2121025294,46.0074483,11.3072089,B&B Il glicine,guest_house,Via Tonelli,Levico Terme,38056,21,,,,,,
HnA_id_2188712129,46.1506474,11.7946648,Albergo Al Bivio,hotel,Via Nazionale,,,167,,,,https://www.albiviohotel.it,+39 439 67080,info@albiviohotel.it
HnA_id_2195327578,46.0727602,11.1227782,Bed & Breakfast Nettuno,guest_house,Via Gian Domenico Romagnosi,Trento,38122,26,,,,http://www.bbnettuno.it,+39 345 8267294,info@bbnettuno.it
HnA_id_2195683493,46.0695848,11.1194205,B&B Eden,guest_house,,,,,,,,http://www.bbeden.it/,+39 339 3650981,info@bbeden.it
HnA_id_2204578472,46.4048235,11.6081506,Pensione Rosengarten,hotel,,,,,,,,,,
HnA_id_2246967674,46.3614692,10.9446892,Trentino wild,caravan_site,,,,,,,,https://trentinowild.it/it/dove-dormire/area-camper-val-di-sole,,
HnA_id_2285642984,46.0779797,10.7454967,,hotel,,,,,,,,,,
HnA_id_2365638497,46.0757682,11.1250433,B&B La Malvasia,guest_house,Via della Malvasia,Trento,38122,77,,,,https://www.bblamalvasia.it/,+393311173197,
HnA_id_2372485547,46.0586625,11.2374876,La Rotonda,hotel,,,,,,,,,,
HnA_id_2376831962,45.865657,10.5764794,Casa Essenia,guest_house,,,,,,Agriturismo,,,,
HnA_id_2394661702,46.175468,11.831303,Hotel al ponte,hotel,,,,,,,,,,
HnA_id_2394661703,46.1752411,11.8313171,Hotel Isola Bella,hotel,,,,,,,,,,
HnA_id_2394661712,46.1742834,11.8276453,Albergo Dolomiti,hotel,,,,,,,,,,
HnA_id_2394661713,46.1740436,11.8270977,Hotel Luis,hotel,,,,,,,,,,
HnA_id_2394661714,46.173414,11.8272242,A soleder,hotel,,,,,,,,,,
HnA_id_2394661718,46.1749276,11.8308213,Hotel Conca Verde,hotel,,,,,,,,,,
HnA_id_2394661719,46.1752914,11.8300584,Hotel Astoria,hotel,,,,,,,,,,
HnA_id_2394792820,46.1753705,11.8292957,Hotel Relais Orsingher,hotel,Via Angelo Guadagnini,Fiera di Primiero,,14,,,,http://www.hotelrelaisorsingher.it/,+39 0439 62816,info@hotelrelaisorsingher.it
HnA_id_2400147476,45.8848465,10.8561794,Residence Desiree,guest_house,,,,,,,,,,
HnA_id_2410787364,46.2322546,10.8253305,Hotel Miramonti,hotel,,,,,,,,,,
HnA_id_2412851336,46.3170602,10.798257,Hotel Eccher,hotel,Via Quattro Novembre,Mezzana,,84,,,,https://www.hoteleccher.com/,+39 0463 757146,info@hoteleccher.com
HnA_id_2430536739,46.0135665,10.8212288,Agritur Maso alle Rose,guest_house,,,38071,,,,,https://www.masoallerose.com/,+39 0465 779780,
HnA_id_2443359624,45.7768117,11.1233211,Albergo Ristorante Aurora,hotel,,,,,regional,,,www.albergoaurora.tn.it,,
HnA_id_2450523527,45.9107545,10.840399,Residence Cascata Varone Appartements,hotel,,,,,,,,,,
HnA_id_2458634960,45.8064296,10.5506755,Albergo Alpina,hotel,,,,,,,,,,
HnA_id_2482401350,45.8898901,11.0421989,Ostello di Rovereto,hostel,Via delle Scuole,Rovereto,38068,18,,,,,+39 0464 486757,
HnA_id_2487115292,45.9307381,10.822937,Cristina,hotel,,,,,,,,,,
HnA_id_2604526360,46.3785003,11.7903839,Hotel Arnika,hotel,Sen Pelegrin,Moena,38035,43,,,,https://www.arnika.it/,,
HnA_id_2604526361,46.3783974,11.7892807,Hotel Monzoni,hotel,,,,,,,,,,
HnA_id_2613796297,46.4167262,11.1905107,Hotel Roen,hotel,Via Villini dell'Alpe,Ruffré-Mendola,38010,16,,,,http://www.hotel-roen.it/,+39 0463 090077,
HnA_id_2714052614,46.3423343,11.046879,Agritur Odorizzi,hotel,Via Fratelli Carlo-Gioseffo Pinamonti,Rallo,38010,52,,,,,,
HnA_id_2761608247,46.1528284,11.8119715,Araea Attrezzata Camper a pagamento,caravan_site,,,,,,,,,,
HnA_id_2835699022,45.7902661,11.1120106,"Albergo ""Alla Lanterna""",hotel,,,,,,,,,,
HnA_id_2841347980,45.9040517,11.0370081,Area sosta camper Holiday Camper Club,caravan_site,,,,,,,,,,
HnA_id_2863110499,46.140023,10.9592798,Hotel Garni Arnica,hotel,Via Lungolago,Molveno,38018,30,,,Famiglia Franchi,https://www.arnicamolveno.it/,+39 0461 587090,
HnA_id_2868363423,45.8912215,10.9520082,Hotel Martinelli,hotel,Via del Car - Strada Provinciale Bordala,Ronzo-Chienis,38060,4,,,,https://hotelmartinelli.it/,+39 0464 802908,mirko@hotelmartinelli.it
HnA_id_2874104626,45.8861323,10.8415038,Vittoria,hotel,,,,,,,,,,
HnA_id_2886648065,45.8759904,10.8945678,Agritur Stefenelli,chalet,,,,,,,,,,
HnA_id_2927453201,45.9241214,10.8901913,Hotel Garden,hotel,Via Paolina Caproni Maini,Arco,38062,40,,,,,,
HnA_id_2932894308,45.8540687,10.9680409,Da Neni,hotel,Via F. Filzi,Mori,38065,46,,,,https://www.daneni.it/,+39 0464 918360,albergo@daneni.it
HnA_id_2940145322,46.1925318,11.9407338,Campeggio Parrocchia Altavilla,camp_site,,,,,,,,,,
HnA_id_3002405374,45.817303,10.9559839,Neni,hotel,,,,,,,,,,
HnA_id_3075526096,46.1953127,11.6788605,,caravan_site,,,,,,,,,,
HnA_id_3079095545,46.1898366,10.78737,Albergo Garni La Soldanella,,Via Vedretta di Lares,Sant'Antonio di Mavignola,38086,8,,,,,,
HnA_id_3082747010,46.3156299,10.7735922,Agricampeggio Ai Gaggi,camp_site,,Claiano di Pellizzano,38020,3,,,,https://www.aigaggi.com/,+39 0463 89 00 62,info@aigaggi.com
HnA_id_3096744951,46.3149489,11.1523097,Rifugio Predaia «ai Todes ci»,alpine_hut,Località Predaia,Tres,38010,,,,Todeschi S.r.l.,http://www.rifugiopredaia.com,+39 0463 463138,rifugiopredaia@tiscali.it
HnA_id_3101758143,46.0353564,11.1264783,Al Marinaio,hotel,Via dei Marinai d'Italia,Trento,38123,28,,,Groff Giovanni S.R.L.,http://www.almarinaio.eu/,+39 0461 933053,info@almarinaio.eu
HnA_id_3110555132,46.0511303,11.1123839,Sporting Trento,hotel,Via Roberto da Sanseverino,Trento,38123,125,,,,https://hotelsportingtrento.it/,+39 0461 391215,info@sportingtrento.it
HnA_id_3125773784,46.3317382,10.878995,Belfiore,hotel,,,,,,,,,,
HnA_id_3125922218,46.3329579,10.8798755,B&B Alle Meridiane,guest_house,,,,,,,,,,
HnA_id_3126430606,46.3090347,10.7572915,Bontempelli,guest_house,Via Simone Lenner,Pellizzano,38020,20,,,,https://www.jagerhaus.it/,,
HnA_id_3127246069,46.3337319,10.8805677,Casa Gregori,guest_house,Via Borgo,Monclassico,38020,50,,,,,,
HnA_id_3127439548,46.3332929,10.8877543,B&B Nido delle Aquile,guest_house,,,,,,,,,,
HnA_id_3138146062,46.2854337,10.8678652,Malga Bassa di Presson,alpine_hut,,,,,,,ASUC di Presson,http://www.comune.monclassico.tn.it/page.php?c=24,+39 0463 974183,asuc@comune.monclassico.tn.it
HnA_id_3138470379,46.2810552,10.8571771,Malga Alta di Presson,alpine_hut,,,,,,,ASUC di Presson,http://www.comune.monclassico.tn.it/page.php?c=24,+39 0463 974183,asuc@comune.monclassico.tn.it
HnA_id_3144060413,46.0150398,11.2957681,Bellavista Relax Hotel,hotel,Viale Vittorio Emanuele,Levico Terme,38056,7,,,,https://www.bellavistarelax.it,,
HnA_id_3162899566,46.4139504,11.1724317,Mas Da La Val,guest_house,,,,,regional,,,,,
HnA_id_3179583778,46.0346111,11.1453149,Agritur Maso San Rocco,guest_house,Via Galassa,Trento,38123,86,regional,,,,+39 0461 922785,
HnA_id_3283826287,46.2639922,11.8021282,Hotel Regina,hotel,,,,,,,,,,
HnA_id_3283832445,46.2624586,11.8030448,Excelsior Hotel Cimone,hotel,,,,,,,,,,
HnA_id_3283832446,46.2625221,11.8026057,Hotel Margherita,hotel,,,,,,,,,,
HnA_id_3317504695,45.8839736,10.9698623,Capanna Biaena,alpine_hut,,,,,,,SAT Val di Gresta,,,
HnA_id_3326954521,45.7591908,11.0020116,Shangri-La,hotel,,,,,,,,,,
HnA_id_3348535604,46.355348,10.6927804,BaitaScaia,guest_house,,,,,,,,,,
HnA_id_3382973251,46.0685549,11.2401625,Agritur Bortolotti,hotel,Via Montesei,Pergine Valsugana,38057,2-4,,,famiglia Bortolotti,http://www.agriturbortolotti.it,+39 0461 530125,
HnA_id_3390668787,45.882057,11.1986209,Hotel Grizzly,hotel,,,,,,,,,+39 0464 721517,vacanze@hotelgrizzly.it
HnA_id_3390922220,46.3031648,10.8585111,Hotel Selva,hotel,,,,,,,,,,
HnA_id_3390945330,46.305149,10.8630847,Hotel Folgarida,hotel,Strada dei Brenzi,,,42,,,,,,
HnA_id_3390946629,46.304708,10.861301,Hotel Renzi,hotel,,,,,,,,,,
HnA_id_3434318063,46.3483926,11.0891645,Hotel Sport,hotel,Via delle Antiche Fontane,Coredo,38012,6,,,,https://hotelsportcoredo.com/,+39 0463536108,info@hotelsportcoredo.com
HnA_id_3439623930,46.4276951,11.158111,Villa Orso Grigio,hotel,Via Regole,Ronzone,38010,12,,,,https://www.orsogrigio.it/,+39 0463 880559,
HnA_id_3521657787,46.0270918,11.2295212,Albergo Valcanover,hotel,Via di Mezzo Lago,Pergine Valsugana,38057,3,,,,http://www.albergovalcanover.it,+39 0461 548 037,albergo.valcanover@virgilio.it
HnA_id_3623163147,46.2641045,11.8012675,Hotel Alpino,hotel,Via Passo Rolle,San Martino di Castrozza,38054,239,,,,,+39 0439 768881,
HnA_id_3635266770,45.9099759,10.8137468,Casa delle Tre Fonti,chalet,,,,,,,Agnes & Harald Wolter,https://www.ferienwohnungen.de/cgi-bin/eigene-homepage.cgi?LinkID=12965,+49 2485 911085,
HnA_id_3658626297,45.9348481,11.2530494,Hotel al Lago,hotel,,,,,,,,,,
HnA_id_3683404313,46.2901586,10.813209,Rifugio Orti,alpine_hut,,,,,,,,,,
HnA_id_3689782050,45.9381091,11.2591108,Nido Verde,hotel,,,,,,,,https://nidoverde.it/,,
HnA_id_3689784981,45.9405937,11.2681873,Monteverde,hotel,,,,,,,,,,
HnA_id_3710687730,46.1417925,11.0991668,Agritur Piffer B&B,guest_house,Località Torbisi,Lavis,38015,3/1,,,Famiglia Piffer,https://www.agriturpiffer.com/,+39 335 5725649,info@agriturpiffer.com
HnA_id_3718861628,46.071251,11.4921408,Le Rose - Ristorante Bed & Breakfast,guest_house,Via Diciotto Settembre,Carzano,38050,35,italian,,Capra Giovanni,http://le-rose.it/contatti,+39 347 829 4212,
HnA_id_3718988002,46.3406951,11.5374115,Hotel Lo Scoiattolo,hotel,,,,,,,,,,
HnA_id_3727868209,46.28848,11.539339,Casa Fipinger,guest_house,Via Costa,Panchià,38030,30,,,,http://www.bbcasafipinger.it/,+39 348 7462414,info@bbcasafipinger.it
HnA_id_3740021763,46.4093619,11.0105414,Agritur Monte Pin,chalet,Frazione Preghena,Livo,38020,49,,,,https://www.agriturmontepin.it/,+39 0463 535033,
HnA_id_3785837254,46.3765141,11.6591733,Central Hotel,hotel,Strada Luigi Heilmann,Moena,38035,4,,,,https://www.centralhotel.it/,+39 0462 573228,INFO@CENTRALHOTEL.IT
HnA_id_3785837255,46.3763308,11.6589552,Hotel de Ville,hotel,,,,,,,,http://www.hotel-deville.it/,+39 0462 573338,prenotazioni@hotel-deville.it
HnA_id_3785865216,46.3762722,11.6585455,Hotel Cavalletto,hotel,Strada De Fachin,Moena,38035,1,,,,https://www.hotelcavalletto.it/,+39 335 250766,info@hotelcavalletto.it
HnA_id_3803736242,46.0115326,11.1395582,Villa Bertagnolli,hotel,,,,,italian,,,,,
HnA_id_3805887814,46.0717727,11.4929438,Agritur Capra Mauro,guest_house,,,,,,,,http://www.agriturvalsugana.it/index.php/it/info-prenotazioni.html,,
HnA_id_3817179746,46.0797876,11.125318,B&B Il Giardino,guest_house,Via della Spalliera,Trento,38121,1,,,,http://www.bbgiardino.it,+39 0461 1865105,info@bbgiardino.it
HnA_id_3884400213,46.2904824,11.4341186,Centro Vacanze Veronza,hotel,Piazza Dolomiti,Carano,38033,,,,Veronza Clubres,,,
HnA_id_3887283108,46.3246182,10.8753971,Hotel Dolomiti,hotel,,,,,,,,http://www.alphoteldolomiti.com/,,
HnA_id_3887703011,46.2558677,11.0818381,Abete Rosso,guest_house,,,,,,,,http://www.abete-rosso.it/,,info@abete-rosso.it
HnA_id_3917212935,46.0544739,11.4593878,1775 Locanda in Borgo,guest_house,Corso Ausugum,Borgo Valsugana,38051,90,,,Strutture immobiliari S.R.L.,https://locandainborgo.it/,+39 0461 757103,info@locandainborgo.it
HnA_id_3932008633,46.4198078,11.6702191,Hotel Catinaccio,hotel,Piaz Massar,Vigo di Fassa,38039,12,,,,https://www.hotelcatinaccio.com/,,info@hotelcatinaccio.com
HnA_id_3981788253,46.0932749,11.5366372,Malga Tizzon,chalet,,,,,,,,,,
HnA_id_3997617088,46.3561499,10.6666009,Hotel Santa Maria,hotel,,,,,,,,https://www.hotelsantamaria.it/,,
HnA_id_3997900667,46.3547094,10.6644447,Hotel Albergo Milano,hotel,,,,,,,,http://www.hotelmilano.to,,
HnA_id_3997900668,46.3560741,10.6636212,Hotel Albergo Sporting,hotel,,,,,,,,https://www.albergosporting.it/,,
HnA_id_3997900669,46.3542979,10.6620241,Hotel Alpino,hotel,,,,,,,,https://www.hotelalpino.com/,,
HnA_id_3997900670,46.3540108,10.6682878,Hotel Aurora,hotel,,,,,,,,https://www.aurorahotel.info/,,
HnA_id_3997900671,46.3534571,10.663521,Hotel Europa,hotel,,,,,,,,https://www.hoteleuropa.tn.it/,,
HnA_id_3997900672,46.3539845,10.6646701,Hotel Pejo,hotel,,,,,,,,https://www.hotelpejo.it/,,
HnA_id_3997900673,46.3541872,10.665188,Hotel Rosa degli Angeli,hotel,,,,,,,,https://www.hotelrosadegliangeli.it/,,
HnA_id_3997900674,46.3560847,10.667221,Hotel Vioz,hotel,,,,,,,,https://www.hotelvioz.it/,,
HnA_id_3997900675,46.3530753,10.665933,Hotel Zanella,hotel,,,,,,,,http://www.hotelzanella.it,,
HnA_id_4013904556,46.3532515,10.6679391,Hotel Alpen,hotel,,,,,,,,https://www.hotelalpen.com/,,
HnA_id_4020650513,45.8964458,10.7165007,Albergo alla Costa,hotel,,Bezzecca,,3,,,,,,
HnA_id_4055909689,46.3130577,11.662717,Albergo Antico,hotel,,,,,,,,,,
HnA_id_4072435028,45.8820174,11.1990523,La baita,hotel,Località Fondo Piccolo,Folgaria,38064,20,,,,https://www.hotellabaita.it/,+39 0464 721566,
HnA_id_4107859797,45.7581292,11.0056301,ai Vellutai,guest_house,,,,,,,,,,
HnA_id_4112385579,46.0720211,11.493583,B&B Le Fontane,guest_house,Via Villa,Carzano,38050,20,,,,,+39 0461 766590,
HnA_id_4123989565,46.3163314,10.798213,Hotel Val di Sole,hotel,Via Quattro Novembre,Mezzana,38020,135,,,,https://www.hotelvaldisole.it/,+39 0463 757240,
HnA_id_4123992289,46.3166612,10.7979797,Centro Appartamenti Vacanze,hotel,Via Quattro Novembre,Mezzana,38020,135,,,,,,
HnA_id_4165165190,45.8855715,10.8390283,Residence Trieste,guest_house,Via Fiume,Riva del Garda,38066,17,,,Massimo,,,
HnA_id_4209374430,45.895622,10.716116,Hotel Maggiorina,hotel,Via XXIV Ottobre,Ledro,38067,9,,,,https://www.albergomaggiorina.it,+39 0464 591029,info@albergomaggiorina.it
HnA_id_4215472115,46.0664678,11.1533567,B&B Le Ziette,guest_house,Via alla Cascata,Povo,38123,4/1,,,,http://www.leziette.altervista.org/,,le.ziette@virgilio.it
HnA_id_4218217238,46.374717,11.0766747,Hotel Casez,hotel,Strada di Dambel,Sanzeno,,,,,,,,
HnA_id_4219932700,46.2619625,11.8036409,Hotel la montanara,hotel,,,,,,,,,,
HnA_id_4222161190,45.9406708,11.2516487,Hotel Astoria,hotel,,,,,,,,,,
HnA_id_4246041117,45.8519281,10.824317,B&B Posta Pregasina,guest_house,Località Pregasina,Riva del Garda,38066,20,,,,https://www.postapregasina.it/,+39 3381836863,
HnA_id_4270450024,46.3994737,11.6681699,Ciasa dò Parè,guest_house,,,,,,,,,,
HnA_id_4290804581,46.4203095,11.1466242,Al Larice,hotel,Via Italia,Ronzone,38010,9,,,,http://www.hotelallarice.it/,+39 0463 831710,info@hotelallarice.it
HnA_id_4294950101,46.0804282,11.5543341,Albergo Carraro,hotel,Via Ammiraglio Giovanni Bettolo,Bieno,38050,8,,,,,,
HnA_id_4309629821,46.4816579,11.78774,Hotel Bellavista,hotel,Strèda de Pordoi,Canazei,38032,12,,,,http://www.bellavistahotel.it,+39 0462 601165,booking@bellavistahotel.it
HnA_id_4313423618,45.8833194,10.8636133,Garni Beniamino,hotel,Via Brione,Riva del Garda,38066,54,,,,,,
HnA_id_4316269009,45.9296637,10.8262447,B&B,guest_house,,,,,,,,,,
HnA_id_4325332487,46.2993166,11.0305839,Garnì Vecchio Comune,hotel,Via Campo Sportivo,Flavon,38093,1,,,,https://www.garnivecchiocomune.com/,+39 0461 652070,info@garnivecchiocomune.com
HnA_id_4327870393,45.8815054,10.8575188,B&B Villa Elvi,guest_house,Via Vicenza,,38066,3,,,Tedeschi elvira,,+39 0464 553070,info@villaelvi.it
HnA_id_4331363662,46.0171931,11.63573,Albergo Ristorante Conca d'Oro,hotel,Piazza Dante Alighieri,Grigno,38055,1,regional,,,,+39 0461 765126,albergo.concadoro@alice.it
HnA_id_4342559631,46.0733702,11.1067195,Doss Trento B&B,guest_house,Via Santi Cosma e Damiano,Trento,38121,94,,,Luisella Turri,http://www.dosstrento.it/,+39 339 2039750,info@dosstrento.it
HnA_id_4347884889,46.2431886,10.83977,Hotel Catturani,hotel,Via Pian dei Frari,Madonna di Campiglio,38086,1,,,,http://catturanimadonnadicampiglio.it,+390465442731,
HnA_id_4361892428,46.3000028,10.8636816,Vime Nevesole Folgarida,hotel,Via dei Monti Alti,,38025,60/62,,,,http://www.rtanevesole.com/,+39 0463 988111,
HnA_id_4370715433,46.3526249,10.9138828,Liberty Hotel Malé,hotel,Piazza Garibaldi,Malé,38027,33,,,,http://www.libertyhotelmale.it,+39 463 90 11 05,info@libertyhotelmale.it
HnA_id_4371620904,45.9194038,10.8920636,Casa Donegani,guest_house,Via della Provvidenza,Arco,38062,13,,,,https://www.casa-donegani-arco.com/,+39 346 3668242,doneganimariaa@gmail.com
HnA_id_4380810259,46.3098516,10.746687,Hotel Niagara,hotel,Via Santa Maria Maddalena,Ossana,38026,16,regional;pizza,,La canadese s.r.l.,http://www.hotelniagara.com/,+39 0463 751626,info@hotelniagara.com
HnA_id_4390451735,46.3131199,10.7846341,Agriturismo Bontempelli,guest_house,,,,,,,,,,
HnA_id_4393058908,46.3806888,10.6596574,Rifugio Doss dei Cembri / Doss dei Gembri,alpine_hut,Piani del Vioz,,,,,,,,+39 0463 753227,info@dossdeigembri.it
HnA_id_4393789389,46.4761424,11.7727563,Garni Serena,guest_house,,,,,,,,,,
HnA_id_4402765085,46.4205149,11.0895215,Agritur Al Canyon,guest_house,Via G.de Martini,Cloz,38020,42,,,,http://www.agrituralcanyon.it,+39 0463 874625;+39 349 2848387;+39 334 8588451,info@agrituralcanyon.it
HnA_id_4427724343,46.0689482,11.6091312,Taxus Hostel,hostel,,,,,,,,http://www.taxushostel.it,,
HnA_id_4429062561,46.04811,11.3921233,B&B Monte Tesobo,guest_house,Monte di Mezzo,Roncegno Terme,38050,11,,,,http://www.montetesobo.it,+39 0461 773185,
HnA_id_4476730925,46.2896959,11.5098456,Hotel La Sorgente,guest_house,Via Benesin,,,8,,,,https://www.hotellasorgente.info/,,
HnA_id_4548249944,46.1978734,11.6757024,albergo Al Pin,hotel,,,,,,,,,,
HnA_id_4552344893,46.3165356,10.7990059,Hotel Monte Giner,hotel,Via Quattro Novembre,Mezzana,38020,72,,,,https://www.hotelmonteginer.com/,+39 0463 757105,
HnA_id_4570658882,46.2881983,11.46003,Grunwald,hotel,,,,,,,,,,
HnA_id_4570658883,46.288598,11.4599472,Garnì Stellune,hotel,,,,,,,,,,
HnA_id_4574006990,46.3006775,10.701826,B&B Magnini,guest_house,Di Cortina,,38029,49,,,Walter e Silvana,https://www.bnbmagnini.net/,+39 347 4421340,bnbmagnini@gmail.com
HnA_id_4579659993,45.8920991,10.8424663,Garnì Villa Maria,hotel,Viale dei Tigli,,,19,,,,,+39 0464 552288,
HnA_id_4582441586,46.2917544,11.4594894,Hotel Excelsior,hotel,,,,,,,,www.excelsiorcavalese.com,,
HnA_id_4594549027,46.2918846,11.4624782,Garnì Manuela,hotel,Via Pizzegoda,Cavalese,38033,3a,,,,,,
HnA_id_4614430471,46.0716333,11.5113729,B&B Al Larice,guest_house,Via Santa Apollonia,Castel Ivano,38059,13,,,,,+39 339 794 5539,apollonia31@alice.it
HnA_id_4706605889,45.7815619,10.9137786,Hotel Sole Del Baldo,hotel,,,,,,,,,,
HnA_id_4715776391,45.9994772,10.6754977,Ludino,chalet,Località Ludino,,38087,,,,,http://fb.com/ludino,,
HnA_id_4742162959,46.4712395,11.7338882,Golden Park Resort,hotel,,,,,,,,,,
HnA_id_4751825003,46.2604997,10.5877895,Sole,hotel,Via S. Bartolomeo,Passo del Tonale,38029,27,,,,,,
HnA_id_4751825015,46.2590403,10.5843818,Vittoria,hotel,,,,,,,,,,
HnA_id_4751825021,46.2606901,10.5883314,Sciatori,hotel,,,,,,,,,,
HnA_id_4751825040,46.2603071,10.5869679,Eden,hotel,Via S. Bartolomeo,Passo del Tonale,38029,23a,,,,,,
HnA_id_4751825049,46.2601663,10.5865754,Negritella,hotel,,,,,,,,,,
HnA_id_4751825052,46.2599772,10.5857469,Stella,hotel,Via San Bartolomeo,Passo del Tonale,38029,15,,,,,,
HnA_id_4751825063,46.2596997,10.5851429,Edelweiss,hotel,,,,,,,,,,
HnA_id_4764462415,45.938754,11.1109103,B&B Blue Mind,guest_house,Via Roma,Besenello,38060,45,,,,https://www.bed-and-breakfast.it/it/trentino-alto-adige/bb-bluemind-besenello/10710,+39 338 5908228,
HnA_id_4806172407,46.4343755,11.1021845,,guest_house,,,,,,,,,,
HnA_id_4851051372,46.1781478,11.0730895,Agriturismo Florandonole,guest_house,,,,,,,,https://www.florandonole.it/,+39 0461 581039,info@florandonole.it
HnA_id_4880761138,46.4069999,11.1334445,Hotel Rosa,hotel,,,,,,,,,,
HnA_id_4883919629,46.311584,10.7591799,Hotel Arcangelo,hotel,Via Nazionale,Pellizzano,38020,18,,,,https://www.hotelarcangelo.it/,+39 0463751650,info@hotelarcangelo.it
HnA_id_4883919630,46.3110458,10.7569604,Hotel Cova,hotel,via Nazionale,Pellizzano,38020,33,,,,,,
HnA_id_4899366163,46.3092259,10.7600308,Ca’ dei Baroni,guest_house,Via Cipriano Vallorsa,Pellizzano,38020,4,,,,https://www.cadeibaroni.com/,,
HnA_id_4926845523,46.0545425,11.4638382,P3 Area sosta camper,caravan_site,Via Temanza,Borgo Valsugana,38051,,,,,,,
HnA_id_4937229620,46.2546543,11.0694069,Al Mas,guest_house,Località Raut,Ton,38010,6,,,Maurizio Paternoster,,,maurizio.pat@email.it
HnA_id_4939850862,45.8903859,11.1516511,Maso Michael,guest_house,Via Schlosseri,,,98,,,,https://www.masomichael.it/,+39 324 7958911,comunicazione@masomichael.it
HnA_id_5015871209,45.9955259,11.1263649,Hotel Karinhall,hotel,,,,,,,,,+39 0461 945339,
HnA_id_5039356822,45.9051755,10.8576467,Verdepiano Bed & Camping,caravan_site,,,,,,,,,,
HnA_id_5048416712,45.9466796,10.6645129,ex Locanda Monte Cadria,hotel,,,,,,,,,,
HnA_id_5058357524,46.4736503,11.735674,Hotel Christine,hotel,,,,,,,,,,
HnA_id_5058357673,46.4762719,11.7705123,Hotel Croce Bianca,hotel,,,,,,,,,,
HnA_id_5068589687,46.004789,11.3350693,B&B Renè,guest_house,Via Orazio Gaigher,Levico Terme,38056,4,,,,https://www.bebrenata.it/web/,+39 340 2212880,info@bebrenata.it
HnA_id_5075288634,46.301973,11.0798755,Agriturismo La Pieve,hotel,Via di Sant'Eusebio,Torra,38012,4,,,,,,
HnA_id_5092397523,45.8949342,10.7190425,Casa Catullo,guest_house,Via Giacomo Cis,,,20,,,,,+39 3498516006,
HnA_id_5092420023,45.8999741,10.725497,Albergo Ristorante Alba,guest_house,Via San Marco,Ledro,38067,1,,,,http://www.albergoalba.com/,+39 0464 591056,
HnA_id_5331063721,46.2472896,10.8130599,Rifugio Pradalago 2100,alpine_hut,,,,,,,,,,
HnA_id_5352766114,46.3037041,11.4560654,Hotel Ristorante Alpino,hotel,,,,,,,,,,
HnA_id_5358965821,46.378529,11.6545517,Hotel La Romantica,hotel,,,,,,,,,,
HnA_id_5382934239,46.1643451,11.2096676,Agritur Pojer e Sandri,guest_house,,,,,,,,http://www.pojeresandri.it/,,
HnA_id_5406973438,46.0479003,10.8732422,B&B Maso Azzurro,guest_house,,,,,,,,,,
HnA_id_5420501693,46.2141246,11.0946286,Casa da Carmen,hotel,Via Damiano Chiesa - dal civico 2/1 al civico 2/13,Mezzolombardo,38017,2/6,,,,,,
HnA_id_5495943394,46.1112887,11.0919622,B&B Hotel Trento,hotel,Via Innsbruck,Trento,38121,11,,,B&B Hotels,https://www.hotel-bb.com/it/hotel/trento.htm,+39 0461 961500,trento@hotelbb.com
HnA_id_5599675323,45.9001229,10.8556994,Appartamenti la Cascina,guest_house,,,,,,,,,,
HnA_id_5615097525,46.4174835,11.6772759,Ciasa Teresa,chalet,,,,,,,,,,
HnA_id_5642580652,46.4630103,11.8367923,Albergo Villetta Maria,hotel,,,,,,,,,,
HnA_id_5687797141,46.3725753,11.6577665,Active Alm Hotel,hotel,Via San Pellegrino,Moena,38035,11,,,,https://www.almhotel.it/,+39 388 8760326,info@almhotel.it
HnA_id_5694155294,46.0145383,11.3038108,B&B Zita,guest_house,Via dei Molini,Levico Terme,38056,1,,,,,,
HnA_id_5714187769,45.9302457,11.0445282,Residence Concaverde,hotel,Via Pasini,Pomarolo,,64,,,,https://www.residence-concaverde.it/,+39 0464 410218,info@residence-concaverde.it
HnA_id_5729955411,45.9848399,10.66892,Albergo Genzianella,hotel,Via Benedetto Lucchi,,,6,,,,https://www.albergogenzianella.net/,+39 0465 901035,
HnA_id_5729955412,45.9838818,10.6708696,Albergo Roncone,hotel,,,,,,,,,,
HnA_id_5729955413,45.9856689,10.6614615,Miramonti Hotel,hotel,,,,,,,,,,
HnA_id_5729955414,45.9791182,10.666713,Albergo Ginevra,hotel,,,,,,,,https://www.albergoginevra.com/,,
HnA_id_5729955417,45.9862829,10.6754166,Albergo Eden,hotel,,,,,,,,,,
HnA_id_5729955427,45.9967159,10.6893733,Agritur Cornasest,hotel,,,,,,,,https://agriturcornasest.it/,,
HnA_id_5729955428,45.9987437,10.6919712,Albergo Ristorante da Emilio,hotel,,,,,,,,http://www.albergodaemilio.it/,,
HnA_id_5729955429,46.0048434,10.6956278,Serena - Hotel,hotel,,,,,,,,http://hotelserena-trentino.it,,
HnA_id_5729955459,46.0053955,10.6965697,Albergo Ristorante Trento,hotel,,,,,,,,http://hotel-trento.it,,
HnA_id_5729955460,46.0065804,10.6978866,Hotel Carlone,hotel,,,,,,,,,,
HnA_id_5731537799,46.0430127,10.7217066,Bed&Breakfast Tianà,hotel,Via per Scraniga,Tione di Trento,38079,29,,,,,,
HnA_id_5731537802,46.0267989,10.7208187,Apartment in the mountains,hotel,,Tione di Trento,38079,15,,,,,,
HnA_id_5731537803,46.0100117,10.6999658,Belli Flora E Orlandi Maria Rosa Snc,hotel,Via Guglielmo Marconi,Breguzzo,38081,34,,,,,,
HnA_id_5761099531,45.8867229,10.8440235,IV Gardan,hotel,,,,,,,,https://holiday4gardan.it/,,
HnA_id_5784212155,46.4320344,11.6857183,Garni Mason Marmoleda,guest_house,,,,,,,,http://www.marmoleda.it,+39-0462-764119,
HnA_id_5788019354,46.4580695,11.7008847,Hotel Piz Boe',hotel,Strada Dolomites,Mazzin,38030,,,,,https://www.hotelpizboe.it/,+39 350 0820845,info@hotelpizboe.it
HnA_id_5805928657,45.8851534,11.0461621,,guest_house,,,,,,,,,,
HnA_id_5841435268,46.2621158,11.7913793,Ostello San Martino,guest_house,Via Laghetto,San Martino di Castrozza,38054,43,,,,,,
HnA_id_5862942086,46.4753624,11.7743027,,guest_house,,,,,,,,,,
HnA_id_5864823152,45.8838223,11.0185021,Colle Ameno,guest_house,,,,,,,,,,
HnA_id_5894378694,46.0715476,11.1256814,La loggia del castello,guest_house,Piazza della Mostra,,,25,,B&B,,laloggiadelcastello.com,+39 327 8339777,info@laloggiadelcastello.com
HnA_id_5905821608,46.0390815,11.2996182,Hotel Compet,hotel,Località Compet,Vignola-Falesina,38057,26,,,,,,
HnA_id_5994950135,46.0085217,11.3144247,Albergo Miravalle,hotel,Via Venezia,Levico Terme,38056,76,,,,,,
HnA_id_6011142676,46.0701882,11.1241105,Heart of Trento,guest_house,Vicolo del Vò,Trento,38122,27,,,,http://www.heartoftrento.com/,+39 327 1631980,info@heartoftrento.com
HnA_id_6112748885,46.260234,10.5845225,Hotel- Ristorante La Torretta & Wellness Il Cirmolo,hotel,Via Circonvallazione,Passo del Tonale,38029,7,,,,https://hotellatorretta.com/,+39 0364 903978,info@hotellatorretta.com
HnA_id_6116685633,46.2602928,10.5893973,Family Hotel Adamello,hotel,Via S. Bartolomeo,Passo del Tonale,38029,22,,,,,,
HnA_id_6155338787,46.154571,10.7665337,Olimpic Regina,hotel,,,,,,,,,,
HnA_id_6163067685,46.3805465,11.6657616,Hotel Zirmes,hotel,Strada de Pecé,,38035,10,,,,https://www.hotelzirmesmoena.it,+390462573160,info@hotelzirmesmoena.it
HnA_id_6173229186,46.065196,11.1230174,Il Torrione,hotel,Piazza di Fiera,,38122,20,,,,https://iltorrione.trento.it,+39 0461 982991,
HnA_id_6184192387,46.3759126,11.0764195,Agritur Ciastel,guest_house,Piazza del Ciastel,Sanzeno,38010,8,,,,http://agriturciastel.it/,,info@agriturciastel.it
HnA_id_6200517845,46.3026519,10.8642872,Casa del Roccolo,chalet,,,,,,,Daniel Fantelli,,,
HnA_id_6215904302,46.417854,11.6700928,Ciasa de la Lum,chalet,Strada de Val,Vigo di Fassa,38039,21,,,,https://www.fassappartamenti.it/it/s/vigodifassa/ciasa-de-la-lum-luigi-zulian,+39 0462 769068,
HnA_id_6240119224,46.4212934,11.6736089,Ciasa Weiss,chalet,,,,,,,,,,
HnA_id_6241737269,46.4201236,11.6700595,Mia Mason,chalet,,,,,,,,,,
HnA_id_6341429099,46.3150484,10.8000527,la Betulla,hotel,,,,,,,,,,
HnA_id_6341429314,46.3172622,10.8061132,Salvadori,hotel,,,,,,,,,,
HnA_id_6440299185,46.0434136,11.5523963,,guest_house,,,,,,,,,,
HnA_id_6471851352,46.0720233,10.8967062,Dolce Vita Ambiez B&B,guest_house,Via al Belvedere,Dorsino,38078,1,,,Senti Francesca & C. Sas,https://www.dolcevitaambiez.it,+39 0465/730026,info@dolcevitaambiez.it
HnA_id_6555425121,45.9016028,10.7278054,B&B Anna Maria,guest_house,Via B. Daves,Ledro,38067,14,,,Santolini Annamaria,https://www.ledrobedandbreakfast.it/,+39 334 7732676,info@ledrobedandbreakfast.it
HnA_id_6575561385,45.8960204,10.8340025,,hotel,,,,,,,,,,
HnA_id_6582328772,46.250464,11.1688966,Garni Selene,guest_house,Piazza Fratelli Bronzetti,,38030,1,,,,,,
HnA_id_6588372538,46.3551978,10.6631446,Hotel Cristallo,hotel,,,,,,,,,,
HnA_id_6592578255,46.2598165,10.5846373,Alpencolor,hotel,Via Circonvallazione,Passo del Tonale,38029,4,,,,https://www.colorhoteltonale.it/,+39 345 1417810,info@colorhoteltonale.it
HnA_id_6592578269,46.2609598,10.5873407,Cielo Blu,hotel,Via Circonvallazione,Passo del Tonale,38029,16,,,,https://www.cielobluhotel.it/,+39 0364 903725,info@hotelcieloblu.com
HnA_id_6592578270,46.2599624,10.5872094,Albergo Angelo,hotel,Via San Bartolomeo,Passo del Tonale,38029,16,,,,,,
HnA_id_6592578275,46.260116,10.586372,Albergo Negritella,hotel,Via San Bartolomeo,Passo del Tonale,38029,21,,,,,,
HnA_id_6592578276,46.2596898,10.5868291,Hotel Gardenia,hotel,Via Nazionale,Passo del Tonale,38029,20,,,,,,
HnA_id_6592578277,46.2611396,10.589285,Hotel Orchidea,hotel,Via Circonvallazione,Passo del Tonale,38029,24,,,,,,
HnA_id_6592578279,46.2601228,10.5885601,Hotel Gardenia,hotel,Via Nazionale,Passo del Tonale,38029,20,,,,,,
HnA_id_6592652529,46.2196548,10.8894126,Rifugio Graffer al Grostè,alpine_hut,,,,,,,,http://www.graffer.com/,+39 0465 441358,rifugio@graffer.com
HnA_id_6594058525,46.2807973,10.8329956,Rifugio Solander,hotel,,,,,,,,https://www.rifugiosolander.com/,+39 0463 973146,nfo@rifugiosolander.com
HnA_id_6594063976,46.2397382,10.8374609,Golf Hotel Campiglio,hotel,Via Cima Tosa,Madonna di Campiglio,38086,3,,,,https://www.thcampiglio.it/,+39 049 2956411,golfhotel@th-resorts.com
HnA_id_6594064625,46.2260393,10.8754306,Rifugio Boch,alpine_hut,Località Intermedia Grostè,Madonna di Campiglio,38084,,,,,,+39 0465 440465,
HnA_id_6594069122,46.2751328,10.8262382,Rifugio Orso Bruno,hotel,Via F. Ciolli,Malé,38027,3,,,,https://www.rifugioorsobruno.it/,+39 0463 796160,info@rifugioorsobruno.it
HnA_id_6606534237,46.1654721,11.1131373,B&B Fiordaliso,guest_house,Via del Mas Goset,Lavis,38015,37,,,Laura,,,
HnA_id_6611543380,46.000521,11.2702406,Agritur Perotin,hotel,,,,,,,,,,
HnA_id_6611557699,46.0017484,11.2679581,Agriturismo Corte delle Mele,hotel,,,,,,,,,,
HnA_id_6712688794,46.1613802,11.0935199,Agritur Clementi,guest_house,Località Tremol,Terre d'Adige,38097,4c,,,,http://www.agriturclementi.it/,,clementi.sergio@hotmail.com
HnA_id_6741919025,46.072318,11.5066754,B&B Elisa,guest_house,Via Cenone,Castel Ivano,38059,35/1,,,,,,
HnA_id_6776197258,45.8869601,10.8385568,Antiche Mura,hotel,,,,,,,,https://www.antiche-mura.it/,+39 0464 556063,
HnA_id_6778861498,45.8960393,10.9401381,Hotel Santa Barbara,hotel,Via Monte Velo,Ronzo-Chienis,38060,11,,,,,+39 0464 802919,
HnA_id_6778892589,45.886539,10.91736,Agriturismo Maso Naranch,hotel,,Mori,38065,,,,,https://www.naranch.it/en/maso-naranch/,+39 329 221 2978,
HnA_id_6796837006,46.007459,11.3339173,B&B Airone,hotel,Strada Romana,Levico Terme,38056,28b,,,,,,
HnA_id_6818016148,46.3034676,11.4553915,Pensione Serenetta,guest_house,Via Mercato,Varena,38030,22,,,,https://www.pensioneserenetta.it/,+39 462 340342,pensione.serenetta@virgilio.it
HnA_id_6837133488,46.0312991,10.5132976,,caravan_site,,,,,,,,,,
HnA_id_6853587131,46.0609201,11.1179789,B&B Nicole,guest_house,Via Giovanni Pascoli,,,8/1,,,,,,
HnA_id_6861471831,45.8862442,10.8403761,La Montanara,hotel,Via Montanara,,,18,,,,,,
HnA_id_6875324215,46.089778,11.003847,B&B Sissi,guest_house,Via al Belvedere,,,31,,,,,,
HnA_id_6915290154,46.0544528,11.4215591,Coronata Haus,guest_house,,Roncegno Terme,38050,,,,,https://www.coronatahaus.it/,+39 0461 1851508,info@coronatahaus.it
HnA_id_6961496022,46.0641855,11.1315955,B&B Rosagalina,guest_house,Via Zara,Trento,38122,8c,,,,,,
HnA_id_6969592696,46.3687652,11.0791328,Il Nido dei Sogni di Marco Paseri,guest_house,Via della Trazzia,Sanzeno,38010,24,,"Alloggio 
Appartamento",,,,
HnA_id_7177341249,46.0888242,11.0132425,La Dolce Mela,guest_house,,,,,,,,,+393465341849,
HnA_id_7546079259,45.8209859,10.9670439,Miramonti Pizzeria Cucina B&B,guest_house,Via Giuseppe Mazzini,Brentonico,38060,97,pizza,,Francesca Peroni,https://www.miramonti-brentonico.com/,+39 0464 395112,
HnA_id_7580327460,45.9140018,11.1709974,,caravan_site,,,,,,,,,,
HnA_id_7705387589,46.1340366,10.7546467,Gnèzi,chalet,,,,,,,,,,
HnA_id_7711734779,46.1003912,11.4876901,La Ruscoletta,hotel,,Telve,38050,3,regional,,,,,
HnA_id_7778313907,46.1318627,11.4787763,B&B Pra dei Cervi,guest_house,,Telve,38050,,,,,,,
HnA_id_7810372313,46.1084942,11.33237,Agritur Klopfhof,guest_house,Maso San Lorenzo,Fierozzo,38050,16,,,Barbara Pisette,https://www.klopfhof.it/,+39 347 291 4399,info@klopfhof.it
HnA_id_7835867185,46.2240609,11.3400692,El Bait del Gian,chalet,Strada forestale Montalbiano-Excapitolare,,,,,,,,,
HnA_id_7851235246,46.3266045,11.0231244,Hotel Tuenno,hotel,Piazza Alpini,Tuenno,38019,25,,,,https://www.albergotuenno.com/,+39 0463 450454,info@albergotuenno.com
HnA_id_7858386423,46.3906833,10.893344,Malga Mondent alta,alpine_hut,,,,,,,,,+39 328 2555273; +39 333 2366967,
HnA_id_7881230369,46.4208185,11.6745369,Hotel Corona,hotel,,,,,,,,,,
HnA_id_7906581579,46.113209,11.2970847,Mas dei Osti,hotel,,,,,,,,,,
HnA_id_8167053768,46.2178667,11.1534818,La Ferrata,guest_house,Località Cadino,San Michele all'Adige,38010,1,,,,https://www.laferrata.com/,+390461650409,info@laferrata.com
HnA_id_8245065529,45.9697174,10.9429275,La Gazza Ladra Apartments,hotel,Via al Castello,Drena,38074,,,,,www.lagazzaladra.eu,+39 340 7357568,
HnA_id_8245190783,45.9696159,10.9447079,Castle Rock,hotel,Via Giovanni Segantini,Drena,38074,35,,,,,+39 346 0117564,
HnA_id_8261216789,46.0377604,11.1042212,B&B Villa Sizzo Relais,guest_house,Via Centrale,Ravina,38123,18,,,,https://www.villasizzo.it,+39 0461 175 0000,info@villasizzo.it
HnA_id_8418923017,45.9339912,11.2265061,Albergo Centrale,hotel,,,,,,,,,,
HnA_id_8506320846,45.984724,10.6704628,,guest_house,,,,,,,,,,
HnA_id_8506544451,45.9359785,10.6387745,Albergo Italia Borel,hotel,,,,,,,,,,
HnA_id_8567859619,46.4168836,11.2059557,Garnì Petra,guest_house,Via Gruppo Brenta,Ruffrè-Mendola,38010,9,,,,https://www.garnipetra.it/,+39 335 6684804,
HnA_id_8584457115,46.2484475,11.0334331,B&B Al Trifoglio,guest_house,Via Castel Belasi,Segonzone,38010,8,,,Turrini Andrea,https://www.trifogliovaldinon.com/,+39 0461 655332,info@trifogliovaldinon.com
HnA_id_8605912549,46.3975486,11.1239142,La Quiete Resort,hotel,Via Guglielmo Marconi,Romeno,38010,12,,,,https://www.laquieteresort.it/,+39 0463876050,info@laquieteresort.it
HnA_id_8605912550,46.3956088,11.1214327,Albergo Villanuova,hotel,Via Mario Zucali,Romeno,38010,37,,,,https://www.villanuova.it/,+39 0463 875113,info@villanuova.it
HnA_id_8635123571,45.9135211,10.7279552,Hotel Ristorante Bar Da Elda,hotel,Via 3 Giugno,Lenzumo,38067,3,,,,https://www.ledronatura.it/,+39 0464 591040,info@ledronatura.it
HnA_id_8669878777,46.2557652,11.0380974,La Casa del Sole,guest_house,Via Soi,Campodenno,38010,12,,,,https://www.beblacasadelsoletrentino.com/,+39 0461 655049,bb.lacasadelsole.trentino@gmail.com
HnA_id_8701286579,45.9622358,10.9116349,Un tempo per Te,guest_house,Via Torre,Dro,38074,6,italian;regional;international,,,https://www.untempoperte.it,+39 333 364 9554,info@untempoperte.it
HnA_id_8749330917,46.1605589,11.7432306,Albergo Cima D'Asta,hotel,Loc. Cicona,,38050,1,,,,,,
HnA_id_8781167513,46.4126152,11.6592237,Hotel Fontana,hotel,Strada de Valongia,,38039,36,,,,https://www.hotelfontana.net/,+39 0462 769090,info@hotelfontana.net
HnA_id_8869260232,45.8979617,10.7081652,Agritur La Dasa,guest_house,Località Derco,Ledro,38067,5,,,,https://www.agriturladasa-ledro.it,+39 3801080589,
HnA_id_8901501548,46.1593152,11.1539342,Boscati B&B,guest_house,Via dei Boscati,Verla di Giovo,38030,,,,,,,
HnA_id_8956470358,45.9275431,10.8812396,Da La Babi B&B,guest_house,Località Laghel,Arco,,23,,,,,,
HnA_id_9067461582,45.8165951,10.9544171,Villa Monica,hotel,Via Mantova,,,8,,,,https://www.villa-monica.it/,,
HnA_id_9073442940,45.9528638,10.9083373,Agritur Santa Lucia,guest_house,,Dro,38074,3,,,,https://www.agritursantalucia.com/,+39.0464 076188,info@agritursantalucia.com
HnA_id_9105591762,45.8889386,10.8396491,Dal Nonno,guest_house,Via Ardaro,,38066,8,,,,,,
HnA_id_9114094361,46.2397114,11.062924,Casa Fiorita,guest_house,,,,,,,,https://www.ospitar.it/,,
HnA_id_9133414627,46.2980921,11.5972651,Agritur Col Verde,guest_house,Strada ai Bersagli,,,2a,,,,https://www.agriturcolverde.it/,+390462500080,
HnA_id_9142136107,46.1619789,11.1128889,Agritur Maso Rover,guest_house,Località Maso Rover,Lavis,38015,4,,,Alessandro e Licia,,+39 348 7379367,
HnA_id_9144412346,46.4759491,11.7398949,Villa Kofler,hotel,,,,,,,,,,
HnA_id_9144490190,46.4766073,11.743307,Grohmann,hotel,Strèda Dolomites,Campitello di Fassa,38031,80,,,,https://www.unionhotelscanazei.it/,+39 0462 601033,info@unionhotelscanazei.it
HnA_id_9144490192,46.4765785,11.7448491,Stella Alpina,hostel,,,,,,,,,,
HnA_id_9144688120,46.4761859,11.742131,Hotel Ladina,hotel,Strèda de Pecei,Campitello di Fassa,38031,3,,,,https://www.hotelladina.it/,+39 0462 750501,info@hotelladina.it
HnA_id_9144797394,46.4756494,11.7395648,Cesa da Mont,hotel,,,,,,,,,,
HnA_id_9144797403,46.4757046,11.7384874,Hotel Villa Campitello,hotel,Strèda Roma,Campitello di Fassa,38031,2,,,,https://villacampitello.com/,+39 0462 750002,hotel@villacampitello.com
HnA_id_9144797517,46.4770476,11.7372903,Hotel Stella Montis,hotel,,,,,,,,,,
HnA_id_9146176787,46.0679594,11.1205332,Al Cavour 34,guest_house,Via Camillo Benso Cavour,Trento,38122,34,,,,https://www.alcavour34.it/,,alcavour34@gmail.com
HnA_id_9147739372,45.9622351,10.9122428,Giardino alla torre,guest_house,Via Olivo,Dro,38074,3,,,,https://www.giardinoallatorre.it,+39 333 3001686,giardinoallatorredro@gmail.com
HnA_id_9151023928,45.966951,10.9136362,Agritur Oltra / Benuzzi-Oberhofer,guest_house,Località Oltra,Dro,38074,3,,,,https://www.agritur-oltra.com/,+39 (0464) 504218,
HnA_id_9160401412,45.9507943,10.900894,Garnì delle Rose,guest_house,Via Arco,Ceniga,38074,34,,,,https://www.hotelgarnidellerose.com/,,
HnA_id_9176586464,45.9032858,10.8596261,Albergo Rolly;Ristorante Pizzeria Rolly,hotel,Località San Tomaso,Riva del Garda,38066,39,italian;pizza;regional,,,https://www.albergorolly.it/,+39 0464 553370,info@albergorolly.it
HnA_id_9216577017,46.0959588,11.0172685,,caravan_site,,,,,,,,,,
HnA_id_9221875145,46.0752276,11.1372737,Be Place,hotel,,,,,,,,https://hotelbeplace.com/,+390461418822,
HnA_id_9460472474,46.3813928,11.6634576,Area Camper Fantolin,caravan_site,,,,,,,,,,
HnA_id_9466134695,45.9562769,10.9038432,Agritur Vin e Amor,guest_house,Via dei Colli,Dro,38074,2a,,,,,,
HnA_id_9467974791,45.8833663,10.855996,Hotel Garda Life,hotel,Via Gorizia,Riva del Garda,38066,5,,,,https://www.hotelgardalife.com,+39 0464520876,info@hotelgardalife.com
HnA_id_9468893792,45.9603618,10.909124,B&B Sarca Valley,guest_house,Via Roma,Dro,38074,35a,,,,,,
HnA_id_9499321202,46.3011614,10.812485,Residence Il Vigo Di Marilleva,hotel,Via per Marilleva,Marilleva 1400,38020,3,,,,,,
HnA_id_9499362219,46.3020059,10.8090427,TH Marilleva,hotel,Via per Marilleva,Marilleva 1400,38020,81,,,,,,
HnA_id_9505679100,46.2997339,10.8662274,Hotel Splendor,hotel,Via Madonna delle Nevi,Folgarida (TN),38025,3,,,,,+390463986375,info@splendorhotel.it
HnA_id_9543090156,46.3554759,10.6922827,Domina Parco dello Stelvio,hotel,Via di Sant'Antonio,Cogolo,38024,16,,,,https://www.hotelstelviodomina.it/,+390463754553,info@hotelstelviodomina.it
HnA_id_9543301990,46.2611646,10.5903692,Gran Baita,hotel,,Passo del Tonale,38029,,,,,,,
HnA_id_9551518791,46.0894851,11.5986461,Camping Lagorai,camp_site,,,,,,,,,,
HnA_id_9556048413,46.4193009,11.6679986,Hotel Miramonti,hotel,Strada di Molins,Vigo di Fassa,38036,10,,,,https://www.miramonti.net/,+39 0462 764121,info@miramonti.net
HnA_id_9556094640,46.421971,11.6770056,Hotel Crescenzia,hotel,Strada de Sèn Jan,Vigo di Fassa,38036,49,,,,http://www.hotelcrescenzia.com/,+39 0462 764112,info@hotelcrescenzia.com
HnA_id_9556095076,46.4211459,11.6722682,Hotel Vigo,hotel,Strada de Piz,Vigo di Fassa,38039,13,,,,https://www.hotelvigo.it/,+39 0462 764180,info@hotelvigo.it
HnA_id_9556120332,46.4246153,11.6785422,Alpine Touring Hotel,hotel,Strada de Troi de Vich,Pozza di Fassa,38036,72,,,,https://www.touringhotel.info/,+39 0462763268,mail@touringhotel.info
HnA_id_9556164842,46.4260258,11.6804231,Hotel Villa Gemmy,hotel,Troi de col dapra,Pozza di Fassa,38036,1,,,,https://www.hotelgemmy.com/,+39 0462 763218,info@hotelgemmy.com
HnA_id_9556168747,46.4210326,11.6817643,Hotel Dolomiti,hotel,Strada Dolomites,Vigo di Fassa,38039,16,,,,http://www.hoteldolomiti.net/,+39 0462 764131,info@hoteldolomiti.net
HnA_id_9556170787,46.4194315,11.6811169,Hotel Millenium,hotel,Strada de Pra dal Monech,Vigo di Fassa,38036,19,,,,http://www.starmillennio.com/,+39 0462 764155,hotel.millennium@tiscali.it
HnA_id_9556172296,46.4301356,11.6915156,Hotel Meida,hotel,Strada de Meida,Pozza di Fassa,38036,67,,,,https://www.hotelmeida.it/,+39 0462 764283,info@hotelmeida.it
HnA_id_9556173534,46.4205447,11.6818261,Hotel San Giovanni,hotel,Strada Dolomites,Vigo di Fassa,38039,16,,,,https://www.hotelsangiovanni.it/,+39 0462 764197,info@hotelsangiovanni.it
HnA_id_9556173908,46.4185241,11.6771902,Hotel Ai Pini,hotel,Strada Neva,Vigo di Fassa,38036,97,,,,https://www.hotelaipini.net/,+39 0462 764501,info@hotelaipini.net
HnA_id_9556186052,46.4295084,11.6933397,Park Hotel Aurora,hotel,Strada de Meida,Pozza di Fassa,38036,130,,,,http://www.parkhotelaurora.com/,+39 0462 764166,info@parkhotelaurora.com
HnA_id_9556221850,46.4353437,11.690654,Hotel Crepei,hotel,Strada Jumela,Pera di Fassa,38036,2,,,,https://www.hotelcrepei.com/,+39 0462 764103,info@hotelcrepei.com
HnA_id_9556225334,46.4297203,11.6854411,Hotel Monzoni,hotel,Strada Dolomites,Pozza di Fassa,38036,137,,,,https://www.hotel-monzoni.it/,+39 0462 764280,monzoni@garibaldihotels.it
HnA_id_9556226751,46.4305073,11.6884407,Hotel El Pilon,hotel,Strada de Meida,Pozza di Fassa,38036,25,,,,https://www.hotelelpilon.it/,+39 0462 764238,info@hotelelpilon.it
HnA_id_9556228121,46.4303512,11.6887969,Hotel Laurino,hotel,Strada de Meida,Pozza di Fassa,38036,41,,,,http://www.hotellaurino.it/,+39 0462 764125,info@hotellaurino.it
HnA_id_9556228168,46.4312313,11.6910814,Hotel Sas Morin,hotel,Strada Donato Zeni,Pozza di Fassa,38036,6,,,,https://www.sasmorin.it/,+39 0462 764419,info@sasmorin.it
HnA_id_9556232651,46.430169,11.6911021,Hotel Villa Cima Undici,hotel,Strada de Meida,Pozza di Fassa,38036,63,,,,http://www.hotelcimaundici.it/,+39 0462 764220,info@hotelcimaundici.it
HnA_id_9556234241,46.4298844,11.6902881,Hotel El Geiger,hotel,Strada de Meida,Pozza di Fassa,38036,60,,,,http://www.hotelelgeiger.com/,+39 0462 764264,info@hotelelgeiger.com
HnA_id_9556248532,46.4315307,11.6889013,Hotel Alaska,hotel,Strada Larsech,Pozza di Fassa,38036,11,,,,http://www.hotelalaska.net/,+39 0462 764091,info@hotelalaska.net
HnA_id_9556249058,46.4350011,11.68889,Hotel Europa,hotel,Strada Dolomites,Pera di Fassa,38036,159,,,,https://www.hoteleuropavaldifassa.com/,+39 0462 764158,info@hoteleuropavaldifassa.com
HnA_id_9556249060,46.440203,11.6929824,Hotel El Paster,hotel,Strada Tita Piaz,Pera di Fassa,38036,36,,,,https://www.hotelelpaster.it/,+39 0462 764019,info@hotelelpaster.it
HnA_id_9556256843,46.4731712,11.7358582,Hotel Flora Alpina,hotel,Strèda Dolomites,Campitello di Fassa,38031,8,,,,https://www.hotelfloraalpina.it/,+39 0462 750233,info@hotelfloraalpina.it
HnA_id_9556265935,46.47256,11.7360421,Alpen Hotel Panorama,hotel,Strèda Ciadenac,Campitello di Fassa,38031,7,,,,https://www.panoramahotel.it/,+39 0462 750112,info@panoramahotel.it
HnA_id_9556271758,46.435101,11.6903145,Hotel Mary,hotel,Strada Dolomites,Pera di Fassa,38036,144,,,,https://www.maryhotel.it/,+39 0462 764108,info@hotelmary.it
HnA_id_9556282801,46.4610149,11.7053388,Hotel Regina e Fassa,hotel,Streda de Rotic,Mazzin,38030,1,,,,https://www.clubhotelregina.it/,+39 0462 767130,info@clubhotelregina.it
HnA_id_9556294626,46.3812313,11.6655185,Hotel Fanes,hotel,Strada de Pece',Moena,38035,5,,,,https://www.hotelfanes.com/,+39 353 3528569,info@hotelfanes.com
HnA_id_9556318135,46.4755967,11.7448732,Park Hotel Fedora,hotel,Strada Veia,Campitello di Fassa,38031,18,,,,https://www.fedorahp.com/,+39 0462 750505,hotel@fedorahp.com
HnA_id_9556319601,46.473915,11.7380147,Hotel Salvan,hotel,Strèda Dolomites,Campitello di Fassa,38031,10,,,,https://www.hotelsalvan.it/,+39 0462 750307,info@hotelsalvan.it
HnA_id_9556328387,46.4745332,11.7381774,Hotel Rododendro,hotel,Strèda Dolomites,Campitello di Fassa,38031,45,,,,https://www.hotelrododendro.com/,+39 0462 750368,info@hotelrododendro.com
HnA_id_9556333818,46.4749371,11.7381524,Hotel Relais San Giusto,hotel,Strèda Roma,Campitello di Fassa,38031,1,,,,https://www.san-giusto.it/,+39 0462 750331,info@san-giusto.it
HnA_id_9556336366,46.4158956,11.6695322,Hotel Belvedere,hotel,Strada Murada,Vigo di Fassa,38036,3,,,,http://www.hotelbelvedere.tn.it/,+39 339 5715097,info@hotelbelvedere.tn.it
HnA_id_9556338681,46.4754028,11.7399337,Hotel Alaska,hotel,Strèda Dolomites,Campitello di Fassa,38031,36,,,,https://www.hotelalaskavaldifassa.com/,+39 0462 750430,info@hotelalaskavaldifassa.com
HnA_id_9556350240,46.4752706,11.7432379,Hotel Gran Chalet Soreghes Vital,hotel,Via Pént de Sèra,Campitello di Fassa,38031,18,,,,https://www.hotelsoreghes.com/,+39 0462 750060,info@hotelsoreghes.com
HnA_id_9556350328,46.4745274,11.7394093,Hotel Crepes De Sela,hotel,Strèda Dolomites,Campitello di Fassa,38031,22,,,,https://www.crepesdesela.it/,+39 0462 750538,info@crepesdesela.it
HnA_id_9556356591,46.4162245,11.6687547,Hotel Ciarnadoi,hotel,Strada Veia,Vigo di Fassa,38036,2,,,,https://www.hotelciarnadoi.it/,+39 0462 769110,info@hotelciarnadoi.it
HnA_id_9556360565,46.4770088,11.7436689,Hotel Primula,hotel,Strèda Dolomites,Campitello di Fassa,38031,91,,,,https://www.albergoprimula.it/,+39 0462 750369,info@albergoprimula.it
HnA_id_9556360789,46.4186574,11.6688475,Hotel Vael,hotel,Strada Rezia,Vigo di Fassa,38036,39,,,,http://www.hotelvael.it/,+39 0462 764110,info@hotelvael.it
HnA_id_9556361934,46.4768539,11.742823,Hotel Villa Rosa,hotel,Strèda Dolomites,Campitello di Fassa,38031,87,,,,https://www.hotelvillarosa.net/,+39 0462 750422,info@hotelvillarosa.net
HnA_id_9556394744,46.4072967,11.6564685,Hotel Gran Mugon,hotel,Strada de Tamion,Vigo di Fassa,38036,3,,,,https://www.hotelgranmugon.com/,+39 0462 769108,info@hotelgranmugon.com
HnA_id_9556412533,46.348249,11.6287728,Hotel Val Sorda,hotel,Strada de la Comunità de Fiem,Moena,38035,47,,,,https://www.hotelvalsorda.com/,+39 0462 775115,info@hotelvalsorda.com
HnA_id_9556642712,46.3977422,11.6695078,Wellness Hotel Dolomia,hotel,Strada da Molin,Soraga di Fassa,38030,2,,,,https://www.dolomiahotel.com/,+39 0462 768107,info@dolomiahotel.com
HnA_id_9556643008,46.3982281,11.6720138,Hotel La Molinella,hotel,Strada de Molin,Soraga di Fassa,38030,16,,,,https://www.hotellamolinella.it/,+39 0462 768153,info@hotellamolinella.it
HnA_id_9556648816,46.3986586,11.6662705,Hotel Madonnina Resort and Wellness,hotel,Strada de Barbida,Soraga di Fassa,38030,36,,,,https://www.hotelmadonnina.com/,+39 0462 768106,info@hotelmadonnina.com
HnA_id_9556683081,46.3933936,11.6658954,Romantic Hotel Rosalpina,hotel,Strada de Palua,Soraga di Fassa,38030,2,,,,http://www.hotelrosalpina.com,+39 0462 768137,christian@hotelrosalpina.eu
HnA_id_9558402975,46.3752806,11.6588193,Sport hotel San Vigilio,hotel,L Vial,Moena,38035,23,,,,https://www.sporthotelsvigilio.com/,+39 0462 573239,info@sporthotelsvigilio.com
HnA_id_9558425825,46.3767631,11.660216,Hotel Faloria,hotel,Piaz de Sotegrava,Moena,38035,18,,,,https://www.hotelfaloria.it/,+39 0462 573149,info@hotelfaloria.it
HnA_id_9561942611,46.2839166,10.6596292,Chalet al Foss Alp Resort,hotel,,,,,,,,,,
HnA_id_9609477680,46.3112631,11.6146751,,caravan_site,,Predazzo,,,,,,,,
HnA_id_9643492600,45.8902378,11.0345605,Residence alle Grazie,hotel,Piazzale Orsi,Rovereto,38068,25,,,,https://www.cityresidencesrl.it/,,
HnA_id_9676790809,46.3788152,11.6587909,Hotel La Serenella,hotel,Strada de Moene,Moena,38035,47,,,,,,
HnA_id_9819191956,46.3918884,11.0449955,Viridis Hotel Risotrante,hotel,,,,,,,,https://www.viridishotel.it/,+39 0463 431048,info@viridishotel.it
HnA_id_9819235897,46.3932628,11.0465075,Agritur Vista Lago,guest_house,,,,,,,,,,
HnA_id_9830386854,45.9186697,10.8787976,Residenza Villa Werder - Amici Di Casa Molinari,hotel,Viale dei Capitelli,Arco,38062,13,,,,,,
HnA_id_9833367788,45.914523,10.8841495,Monastero Arx Vivendi,hotel,Via Mantova,Arco,38062,13,,,,https://www.monastero-arxvivendi.com,+39 0464748059,
HnA_id_9835241702,45.9215157,10.8767916,Arcolive,guest_house,Via Lomego,Arco,38062,1,,,,https://www.arcolive.it/,+39 349 1614749,info@arcolive.it
HnA_id_9836676659,45.9104747,10.8775792,Agriturismo Il Melograno,guest_house,Via San Sisto,Arco,38062,42,,,,https://www.agriturilmelograno.it/,+39 335 6948617,info@agriturilmelograno.it
HnA_id_9837234665,45.8896151,10.8783457,La Rosa dei Venti,guest_house,Via Cantina,Arco,38062,6,,,,https://bblarosadeiventi.it/,+39 348 8219350,info@bblarosadeiventi.it
HnA_id_9837968973,46.2900055,11.4386641,Hotel Corona,hotel,,,,,,,,,,
HnA_id_9845827818,45.880404,10.8748965,Cantina Madonna delle Vittorie;Frantoio Madonna delle Vittorie,guest_house,Via Linfano,Arco,38062,81,,,,https://madonnadellevittorie.it/,+39 0464 505432,
HnA_id_9847918412,46.3814704,11.1066564,Albergo Ciclamino,hotel,Via di S. Cristoforo,Romeno,38010,30,,,,https://www.hotelciclamino.com/,+39 0463 875146,info@hotelciclamino.com
HnA_id_9855250736,45.8931965,10.866654,Blue Moon,guest_house,Via Monte Brione,Arco,38062,28,,,,,+39 393 8559193,
HnA_id_9855283925,45.8969673,10.8671147,O-Live Agriresort,guest_house,Via Monte Brione,Arco,38062,2a,,,,https://www.o-liveresort.com/,+39 338 4683246,info@o-liveresort.com
HnA_id_9858434789,45.9057051,10.868103,Agriturismo Linda,guest_house,Via San Isidoro,Arco,,12,,,,www.agriturismolinda.it,+39 345 1011448,info@agriturismolinda.it
HnA_id_9859772309,46.4244911,11.1516911,Stella Delle Alpi,hotel,Via Mendola,Ronzone,38010,41,,,,https://www.stelladellealpi.it/,+39 463 88 06 20,info@stelladellealpi.it
HnA_id_9859803068,46.4170808,11.190135,Garni Biancaneve,hotel,,Ruffré-Mendola,38010,14,,,,https://www.garnibiancaneve.it/,+39 0471 632268,info@garnibiancaneve.it
HnA_id_9859803581,46.4436678,11.1418497,Hotel Lago Smeraldo,hotel,Via Lago Smeraldo,Fondo,38013,12,,,,https://www.hotellagosmeraldo.it/,+39 0463 831104,info@hotellagosmeraldo.it
HnA_id_9859816848,46.365089,11.0333775,Hotel Antica Trattoria,hotel,Via Roma,Cles,38023,13,,,,https://www.anticatrattoriacles.com,+390463600169,info@anticatrattoriacles.com
HnA_id_9859835472,46.417277,11.1662202,Wellness Hotel Waldheim,hotel,,Sarnonico,38010,1,,,,https://www.hotelwaldheim.it/,+39 0463 870156,info@hotelwaldheim.it
HnA_id_9859869741,46.3423915,11.1059673,Hotel Antica Torre,hotel,Via Alla Torre,Smarano,38012,7,,,,https://www.anticatorrehotel.com/,+39 0463 897335,info@anticatorrehotel.com
HnA_id_9860007176,46.4407931,11.01763,Hotel Cavallino Bianco,hotel,Piazza Marcena,Rumo,38020,6,,,,https://www.cavallinobiancorumo.it/,+39 0463 531040,info@cavallinobiancorumo.it
HnA_id_9860011063,46.4071656,11.144964,Royal Hotel Paolino,hotel,Via Italia,Cavareno,38011,3,,,,https://www.hotelpaolino.com/,+39 0735 651378,info@hotelpaolino.com
HnA_id_9860040852,46.441359,11.0185762,Hotel Margherita,hotel,Via Merano,Rumo,38020,8,,,,https://www.hotelmargheritarumo.it/,+39 0463 530531,info@hotelmargheritarumo.it
HnA_id_9860089217,46.4320426,11.1496886,Bucaneve,hotel,Viale Belvedere,Malosco,38013,20,,,,http://www.albergo-bucaneve.com,+39 0463 831440,info@albergo-bucaneve.com
HnA_id_9861124452,45.889876,10.8626096,Theresia,guest_house,Via Tenente Miorelli,Riva del Garda,38066,28,,,,https://www.bebtheresia.it/,+39 0464 555341,info@bebtheresia.it
HnA_id_9861891621,45.8957594,10.85715,Casa di Campagna,guest_house,Via Grez,Riva del Garda,38066,78,,,,https://www.casadicampagna.info/,+39 0464 567562,info@casadicampagna.info
HnA_id_9865901737,45.8850411,10.8638849,Oleeva Garda Living,guest_house,Via Brione,Riva del Garda,38066,62a,,,,https://www.oleeva.it/,+39 0464 748065,info@oleeva.it
HnA_id_9869823111,45.8910964,10.8598394,Agritur Planchenstainer,guest_house,Via Tenente Miorelli,Riva del Garda,38066,60a,,,,http://www.agriturplanc.it/,+39 3331239012,planchenstainer@tiscali.it
HnA_id_9874178936,45.8879104,10.7308103,Dalla fattoria della Patty,guest_house,Via Alzer,Pieve di Ledro,38067,2,,,,,,
HnA_id_9882505766,45.8988826,10.8689627,Agritur Giovanazzi,guest_house,Via Isce,Arco,38062,1,,,,https://www.agriturgiovanazzi.com,+39 0464 666 815,
HnA_id_9918516184,45.8990731,10.8561715,B&B Morelli,guest_house,Via Ippolito Pederzolli,Riva del Garda,38066,11,,,,https://bbmorelli.business.site/,+39 333 137 6662,
HnA_id_9923921613,45.8818646,10.8532199,Hotel Du Lac Et Du Parc,hotel,Viale Rovereto,Riva del Garda,38066,44,,,,https://dulacetduparc.com/,+39 0464 566600,info@dulacetduparc.com
HnA_id_9948742282,45.8892538,10.6706806,Vittoria,hotel,Piazza Milìn,Ledro,38067,1,,,,,,
HnA_id_9948843606,45.8804605,10.7618489,B&B Ai Casai,guest_house,Via Belvedere,Ledro,38067,9,,,,https://www.ledroholiday.it,,ledrocasai@gmail.com
HnA_id_9948852837,45.880936,10.7513533,Tulipa Natural Home,hotel,Via San Michele,Ledro,38067,4,,,,https://www.tulipanaturalhome.com,+39 370 3635151,tulipanaturalhome@gmail.com
HnA_id_9951593620,46.4906985,11.7072689,Rifugio Micheluzzi,alpine_hut,,,,,regional,,,https://www.rifugiomicheluzzi.it/,+39 0462 750050,info@rifugiomicheluzzi.it
HnA_id_9955037708,45.8713925,10.7729981,Hotel Le tre oche,hotel,Via Maffei,Ledro,38067,37,,,,,+39 0464 509062,
HnA_id_9957060007,45.8721052,10.7706293,Garnì Rosa,hotel,Via Maffei,Ledro,38067,81,,,,,,
HnA_id_9960197217,46.1664839,11.8275786,El mondin,hotel,,,38054,,,,,https://elmondin.it/,+39 348 9734 780,info@elmondin.it
HnA_id_9960430412,45.9108724,10.9069603,Bed & breakfast Agli ulivi,guest_house,Via Cacciatore,Arco,38062,16b,,,,,,
HnA_id_9963853756,46.0093727,11.290479,Hotel Dolomiti,hotel,Traversa Lido,Levico Terme,38056,8,,,,http://www.hoteldolomitilevico.com/,,
HnA_id_9971666887,46.1663731,11.0044605,Hotel Melchiori,hotel,Via Fovo,Andalo,38010,3,,,,,,
HnA_id_9971670753,46.1665366,11.0049138,Hotel Pavone,hotel,,,,,,,,,,
HnA_id_9971758522,45.8892198,10.7318385,B & B Galet,guest_house,Via Teresa Spagnolli,Ledro,38067,2,,,,http://www.galetledro.it,,oriettazecc@gmail.com
HnA_id_9971758523,45.8892331,10.731591,Albergo Alpino,hotel,Via Pier Antonio Cassoni,Pieve di Ledro,38067,16,,,,https://www.hotelgarnialpino.com/it/,+39 0464 591034,
HnA_id_9987938357,46.3737349,10.8781208,Residence Bonetti,chalet,,,,,,,,,,
HnA_id_10001080208,45.8979786,10.8405412,B&B Casa Baltera,guest_house,Via Baltera,Riva del Garda,38066,25,,,,https://www.casabaltera.com/,+39 0464 578118,casabaltera@gmail.com
HnA_id_10003537399,46.0540959,11.1207856,BB ressidenza Iris,guest_house,Via San Pio X,Trento,38122,,,,,https://www.beb-trento.it/,+39 340 8669043,
HnA_id_10010733340,45.8652525,10.8043469,Pia Casa dell'Incoronata,hotel,Via della Madonna,Ledro,38067,2,,,,https://www.piacasadellincoronata.it/,+39 0464 509004,p.c.incoronata.biacesa@virgilio.it
HnA_id_10011362817,46.1627035,11.0074374,La Perla,hotel,Via Clamer,,38010,17,,,,https://www.laperlahotel.net/,,
HnA_id_10035794989,45.8891869,10.7302416,Hotel Silvana,hotel,Via Nuova,Ledro,38067,6,,,,https://www.albergosilvanaledro.it/,+39 0464 591068,info@albergosilvanaledro.it
HnA_id_10314923686,45.9503347,11.2636417,Caminetto mountain resort,hotel,,,,61,,,,,,
HnA_id_10616531558,45.7825924,10.9425846,Fabilia Family Hotel Polsa,hotel,,,,,,,,,,
HnA_id_10728486556,46.4256881,11.1584584,Villa Belfiore,hotel,Via Roen,,,6,,,,http://www.villa-belfiore.it,,
HnA_id_10728571812,46.4279714,11.1546462,HVAR Hotel Villa Argentina Ronzone,hotel,Via Mendola,Ronzone,38010,42,,,,,+39 379 120 3805,
HnA_id_10732974154,46.2961233,11.786722,Hotel Alpenrose,hotel,,,,,,,,https://villagehotel.it,,
HnA_id_10767085662,46.1704863,11.095722,Agritur Lavanda,guest_house,Località Albera Pina,Terre d'Adige,38097,2a,,,Azienda Agricola Roncador Mariano,,,
HnA_id_10773666746,46.1130512,11.1344759,Maso Librar,guest_house,,,,,,,,https://agriturmasolibrar.it,,
HnA_id_10813258871,46.1912193,11.1602024,La Fagitana,guest_house,Via Case Sparse,Faedo,38010,13,,,,,+39 329 762 0428,
HnA_id_10814819605,46.0618829,11.1150612,Habitat,guest_house,,,,,,,,,,
HnA_id_10945682231,46.1588351,11.1152477,Agritur Maso Tratta,guest_house,,,,,,,,http://www.masotratta.net,,
HnA_id_10945682232,46.158038,11.1142663,Agritur Maso Grener,guest_house,,,,,,,,https://www.masogrener.it,,
HnA_id_10995069806,46.3651495,11.0325875,B&B Casa Redolfi,hotel,,,,,,,,,,
HnA_id_11010942890,46.2069457,11.8283217,Rifugio Petina,alpine_hut,,,,,,,,,,
HnA_id_11058054898,46.2638974,11.8016995,Hotel Colbricon,hotel,Via Passo Rolle,San Martino di Castrozza,38054,229,,,,https://www.hotelcolbricon.it/,,
HnA_id_11079071705,46.0817513,11.1148727,Sole&Luna Apartment,chalet,,,,,,,,,,
HnA_id_11090941789,46.0715959,11.1247737,Locanda Le Due Travi,guest_house,,,,,,,,https://www.locandaleduetravi.it/,,
HnA_id_11126265130,46.159724,11.296417,B&B La Balbina,guest_house,,,,,,,,,,
HnA_id_11140407136,46.0728678,11.1493796,Villa Madruzzo,hotel,Via Ponte Alto,Trento,38121,26,,,,https://www.villamadruzzo.com/,,
HnA_id_11165402518,45.8807165,10.8547268,MyLago,hotel,Via Franz Kafka,Riva del Garda,38066,1,,,,,,
HnA_id_11180621537,46.1300525,10.7569713,Palazzo Lodron Bertelli,hotel,Piazza S. Antonio,,38080,8,,,,https://www.palazzolodronbertelli.it/,+393387711307;+393358754925,info@palazzolodronbertelli.it
HnA_id_11188230422,45.7431195,10.9685685,,caravan_site,,,,,,,,,,
HnA_id_11273005409,46.0294727,11.3750067,Sosta Camper Trentino,caravan_site,Via Belvedere,Novaledo,38050,7,,"Camping per soste e campeggio di: camper, roulotte, bikepackers, bikers. Piazzole e servizi per la tua vacanza in Trentino plein air.",,https://www.sostacampertrentino.it,+39 344 8305 4908,
HnA_id_11288162477,46.2939896,11.4174206,B&B Casa Giovannelli,hotel,,,,,,,,,,
HnA_id_11293640372,46.0620022,11.0964295,La casa delle farfalle,guest_house,Via ai Dineri,Trento,38123,8,,,,,,
HnA_id_11299909649,46.13855,11.1139129,Albergo Ristorante Corona,hotel,,,,,,,,,,
HnA_id_11333016596,46.3620609,11.0427269,B&B Incanto,guest_house,Via Maiano,Cles,38023,11,,,,http://www.incantocles.it/,,incantocles@gmail.com
HnA_id_11375777737,46.0678589,11.1213123,Boutique Aquila d'oro,guest_house,Via Rodolfo Belenzani,,,76,,,,,,
HnA_id_11498496594,45.8933235,10.6887638,Hotel Locanda alla Perla,hotel,Via Giuseppe Garibaldi,Ledro,38067,73,,,,https://www.allaperla.it/,,
HnA_id_11499418169,46.2858715,11.5474226,Regina delle Dolomiti,hotel,,,,,,,,,,
HnA_id_11505383933,45.8896801,10.6694568,Camping Albergo Casavecchia,hotel,Via Guglielmo Marconi,Ledro,38067,11,,,,https://www.campingcasavecchia.it/,+39 0464 596184,info@campingcasavecchia.it
HnA_id_11510438368,45.8924321,10.7009959,Azienda agricola Pinabel,guest_house,Via Giacomo Cis,Ledro,38067,2,,,,,+39 349 3212193,
HnA_id_11518961593,45.8998337,10.7249073,Hotel Prealpi,hotel,Via III Novembre,Ledro,38067,10,,,,https://www.leprealpiledro.it/,,info@leprealpiledro.it
HnA_id_11524113630,45.9014612,10.7252511,Family Hotel Adriana,hotel,Via Doghen,Ledro,38067,3,,,,https://www.hotel-adriana.it,+39 0464 591184,info@hotel-adriana.it
HnA_id_11527408837,45.922214,10.7248278,Campo Scout Val di Concei,camp_site,,Ledro,38067,,,,,,,sierraledro@yahoo.it
HnA_id_11528032047,45.9087218,10.7292189,B&B Villa Cinzia,guest_house,Via di Gornòa,Ledro,38067,3,,,,https://bbvillacinzialedro.it/,+39 0464 591792,info@bbvillacinzialedro.it
HnA_id_11533721968,45.9114433,10.726124,Hotel Cadria,hotel,Via Unità d'Italia,Ledro,38067,25,,,,https://www.hotelcadria.it/,+39 0464 591136,hotelcadria@hotmail.com
HnA_id_11545395869,45.7431456,10.9688529,,caravan_site,,,,,,,,,,
HnA_id_11559810330,46.2168591,11.0457406,B&b Paganella,guest_house,,,,,,,,,,
HnA_id_11572083717,45.8951395,10.8884431,,caravan_site,,,,,,,,,,
HnA_id_11630972416,45.9116097,10.9108713,La Villa,guest_house,Località Gazzi,Arco,38062,8,,,,,,
HnA_id_11690585026,45.8896247,11.009921,BeB Anna,guest_house,Via Mazzole,Isera,,3,,,,http://bebanna.tn.it/,+39 392 45 20 513,beb.anna@virgilio.it
HnA_id_11727717089,45.8876456,11.0451622,Casa Bettini,guest_house,Via della Terra,,,41,,,,,+39 347 105 1839,
HnA_id_11755659751,46.031474,11.0258164,Pra dela Lori,alpine_hut,,,,,,,,,,
HnA_id_11760235919,46.2253316,10.8282922,Residence Living Brenta,hotel,Via Vallesinella,,,3,,,,,,
HnA_id_11762486173,45.9575281,11.0317647,Area sosta Bellaria,caravan_site,,,,,,,,,,
HnA_id_11800052013,46.3761818,11.6590101,Hotel Moena,hotel,,,,,,,,,,
HnA_id_11837596944,45.920694,10.8991566,Agriturismo La Terra,guest_house,Via Cappuccini,Arco,38062,6,,,,https://www.agriturlaterra.it/,+39 0464 357695,contact@agriturlaterra.it
HnA_id_11913560069,45.8874574,11.0346356,Convitto universitaria opera armida barelli,hostel,Via della Gora,,38068,9,,,,,+39 345 397 7312,
HnA_id_11945003419,45.9122059,11.1637856,Longanorbait B&B,guest_house,,Folgaria,,34,,,,,,
HnA_id_11949825659,46.4644151,11.7169262,Soggiorno Dolomiti,hotel,Strèda Madona de Lourdes,Mazzin,38030,718,,,,https://www.soggiornodolomiti.it/,+39 462 767351,
HnA_id_11978681073,45.9194904,10.8841566,Locanda 53,guest_house,Via Vergolano,Arco,38062,53,,,,https://www.locanda53.it/,,info.locanda53@gmail.com
HnA_id_12001435125,46.1513417,11.8018913,Miramonti,hotel,Via Dolomiti,,,40,,,,http://www.hotelmiramontimer.com,+39 0439 67127,info@hotelmiramontimer.com
HnA_id_12001435807,46.1069715,11.77405,Albergo Al Lago,hotel,Via Nazionale,Pontet,38050,9,,,,,,
HnA_id_12012237594,45.8673623,10.9432056,B&B Cà dei Fazzilisti,guest_house,Località Pizzole,Valle San Felice,38065,2,,,,https://www.fazzilisti.it/,,ca.fazzilisti@cimonetti.it
HnA_id_12055042970,46.4173436,11.6767254,Villa Rosa,chalet,,,,,,,,,,
HnA_id_12058827424,46.0642309,11.2467581,,caravan_site,Via Luigi Senesi,Pergine Valsugana,38057,,,,,,,
HnA_id_12076568468,46.2333382,10.8252574,Zeni hotel,hotel,,,,,,,,,,
HnA_id_12082266442,45.8531947,10.9679354,Villa Cameras,guest_house,Via del Garda,Mori,38065,85,,,,,,
HnA_id_12092372526,45.8956025,10.8429661,B&B Marigold,guest_house,Via dell'Albola,Riva del Garda,38066,85,,,,https://www.bbmarigold.com/,,
HnA_id_12097412312,46.2257444,10.8262008,Rosengarten hotel,hotel,,,,,,,,,,
HnA_id_12165512414,46.049711,11.2343639,,caravan_site,,,,,,,,,,
HnA_id_12189271278,46.0013815,11.2626476,Caldonazzo Dog Sport & Wellness,guest_house,Via Andanta,Caldonazzo,38052,30,,,,https://www.machevitadacani.it/bed-breakfast/struttura-ed-esperienze,+39 35 1976 4443,info@machevitadacani.it
HnA_id_12286096015,46.461579,11.8100037,,camp_site,,,,,,,,,,
HnA_id_12309608139,46.0530979,11.4577916,San Giorgio Rooms,guest_house,Vicolo Ioris,,,2,,,,,,
HnA_id_12310387784,45.9209963,10.8829053,Arco Gaia Apartments,guest_house,Via del Parco,Arco,38062,4,,Casa per Vacanze,,https://arcogaia.blogspot.com,+39 0464 531884,
HnA_id_12318171923,46.0977048,11.0175898,Agricampeggio da Bery,camp_site,,,,,,,,https://agricampeggiodabery.it/,+39 345 8503996,info@agricampeggiodabery.it
HnA_id_12321139104,45.9731665,10.5538314,,camp_site,,,,,,,,,,
HnA_id_12328452236,46.3374721,11.0625578,B&B Angela,guest_house,,,,,,,,,,
